claim_id,accident_date,report_date,evaluation_date,paid_loss,case_reserve,incurred_loss
CLM-00001,2019-06-07,2019-06-11,2019-12-31,2.0,1.73,3.73
CLM-00001,2019-06-07,2019-06-11,2020-12-31,1.98,1.6,3.58
CLM-00001,2019-06-07,2019-06-11,2021-12-31,3.07,0.84,3.91
CLM-00001,2019-06-07,2019-06-11,2022-12-31,3.82,0.0,3.82
CLM-00001,2019-06-07,2019-06-11,2023-12-31,3.82,0.0,3.82
CLM-00002,2019-11-09,2019-11-27,2019-12-31,9.14,0.0,9.14
CLM-00002,2019-11-09,2019-11-27,2020-12-31,9.14,0.0,9.14
CLM-00002,2019-11-09,2019-11-27,2021-12-31,9.14,0.0,9.14
CLM-00002,2019-11-09,2019-11-27,2022-12-31,9.14,0.0,9.14
CLM-00002,2019-11-09,2019-11-27,2023-12-31,9.14,0.0,9.14
CLM-00003,2019-01-25,2019-02-12,2019-12-31,12.9,0.0,12.9
CLM-00003,2019-01-25,2019-02-12,2020-12-31,12.9,0.0,12.9
CLM-00003,2019-01-25,2019-02-12,2021-12-31,12.9,0.0,12.9
CLM-00003,2019-01-25,2019-02-12,2022-12-31,12.9,0.0,12.9
CLM-00003,2019-01-25,2019-02-12,2023-12-31,12.9,0.0,12.9
CLM-00004,2019-12-20,2020-01-07,2020-12-31,6.46,6.55,13.01
CLM-00004,2019-12-20,2020-01-07,2021-12-31,12.06,0.0,12.06
CLM-00004,2019-12-20,2020-01-07,2022-12-31,12.06,0.0,12.06
CLM-00004,2019-12-20,2020-01-07,2023-12-31,12.06,0.0,12.06
CLM-00005,2019-07-25,2019-08-14,2019-12-31,14.77,13.53,28.3
CLM-00005,2019-07-25,2019-08-14,2020-12-31,14.76,15.05,29.81
CLM-00005,2019-07-25,2019-08-14,2021-12-31,21.86,6.84,28.7
CLM-00005,2019-07-25,2019-08-14,2022-12-31,28.07,0.0,28.07
CLM-00005,2019-07-25,2019-08-14,2023-12-31,28.07,0.0,28.07
CLM-00006,2019-09-01,2019-09-20,2019-12-31,2.87,2.52,5.39
CLM-00006,2019-09-01,2019-09-20,2020-12-31,2.9,3.38,6.28
CLM-00006,2019-09-01,2019-09-20,2021-12-31,5.66,0.0,5.66
CLM-00006,2019-09-01,2019-09-20,2022-12-31,5.66,0.0,5.66
CLM-00006,2019-09-01,2019-09-20,2023-12-31,5.66,0.0,5.66
CLM-00007,2019-01-29,2019-03-01,2019-12-31,15.71,12.64,28.35
CLM-00007,2019-01-29,2019-03-01,2020-12-31,14.76,16.13,30.89
CLM-00007,2019-01-29,2019-03-01,2021-12-31,29.05,0.0,29.05
CLM-00007,2019-01-29,2019-03-01,2022-12-31,29.05,0.0,29.05
CLM-00007,2019-01-29,2019-03-01,2023-12-31,29.05,0.0,29.05
CLM-00008,2019-10-06,2019-10-06,2019-12-31,27.05,0.0,27.05
CLM-00008,2019-10-06,2019-10-06,2020-12-31,27.05,0.0,27.05
CLM-00008,2019-10-06,2019-10-06,2021-12-31,27.05,0.0,27.05
CLM-00008,2019-10-06,2019-10-06,2022-12-31,27.05,0.0,27.05
CLM-00008,2019-10-06,2019-10-06,2023-12-31,27.05,0.0,27.05
CLM-00009,2019-06-02,2019-06-04,2019-12-31,13.59,0.0,13.59
CLM-00009,2019-06-02,2019-06-04,2020-12-31,13.59,0.0,13.59
CLM-00009,2019-06-02,2019-06-04,2021-12-31,13.59,0.0,13.59
CLM-00009,2019-06-02,2019-06-04,2022-12-31,13.59,0.0,13.59
CLM-00009,2019-06-02,2019-06-04,2023-12-31,13.59,0.0,13.59
CLM-00010,2019-10-24,2019-11-21,2019-12-31,15.75,15.02,30.77
CLM-00010,2019-10-24,2019-11-21,2020-12-31,14.74,12.69,27.43
CLM-00010,2019-10-24,2019-11-21,2021-12-31,30.95,0.0,30.95
CLM-00010,2019-10-24,2019-11-21,2022-12-31,30.95,0.0,30.95
CLM-00010,2019-10-24,2019-11-21,2023-12-31,30.95,0.0,30.95
CLM-00011,2019-06-30,2019-07-30,2019-12-31,27.71,20.36,48.07
CLM-00011,2019-06-30,2019-07-30,2020-12-31,26.45,21.39,47.84
CLM-00011,2019-06-30,2019-07-30,2021-12-31,38.9,14.06,52.96
CLM-00011,2019-06-30,2019-07-30,2022-12-31,42.73,9.22,51.95
CLM-00011,2019-06-30,2019-07-30,2023-12-31,51.39,0.0,51.39
CLM-00012,2019-09-12,2019-09-18,2019-12-31,2.9,2.92,5.82
CLM-00012,2019-09-12,2019-09-18,2020-12-31,2.98,3.4,6.38
CLM-00012,2019-09-12,2019-09-18,2021-12-31,5.72,0.0,5.72
CLM-00012,2019-09-12,2019-09-18,2022-12-31,5.72,0.0,5.72
CLM-00012,2019-09-12,2019-09-18,2023-12-31,5.72,0.0,5.72
CLM-00013,2019-10-14,2019-10-27,2019-12-31,35.45,0.0,35.45
CLM-00013,2019-10-14,2019-10-27,2020-12-31,35.45,0.0,35.45
CLM-00013,2019-10-14,2019-10-27,2021-12-31,35.45,0.0,35.45
CLM-00013,2019-10-14,2019-10-27,2022-12-31,35.45,0.0,35.45
CLM-00013,2019-10-14,2019-10-27,2023-12-31,35.45,0.0,35.45
CLM-00014,2019-01-16,2019-02-10,2019-12-31,30.21,0.0,30.21
CLM-00014,2019-01-16,2019-02-10,2020-12-31,30.21,0.0,30.21
CLM-00014,2019-01-16,2019-02-10,2021-12-31,30.21,0.0,30.21
CLM-00014,2019-01-16,2019-02-10,2022-12-31,30.21,0.0,30.21
CLM-00014,2019-01-16,2019-02-10,2023-12-31,30.21,0.0,30.21
CLM-00015,2019-09-02,2019-09-26,2019-12-31,8.23,0.0,8.23
CLM-00015,2019-09-02,2019-09-26,2020-12-31,8.23,0.0,8.23
CLM-00015,2019-09-02,2019-09-26,2021-12-31,8.23,0.0,8.23
CLM-00015,2019-09-02,2019-09-26,2022-12-31,8.23,0.0,8.23
CLM-00015,2019-09-02,2019-09-26,2023-12-31,8.23,0.0,8.23
CLM-00016,2019-06-28,2019-07-21,2019-12-31,20.61,0.0,20.61
CLM-00016,2019-06-28,2019-07-21,2020-12-31,20.61,0.0,20.61
CLM-00016,2019-06-28,2019-07-21,2021-12-31,20.61,0.0,20.61
CLM-00016,2019-06-28,2019-07-21,2022-12-31,20.61,0.0,20.61
CLM-00016,2019-06-28,2019-07-21,2023-12-31,20.61,0.0,20.61
CLM-00017,2019-12-08,2019-12-10,2019-12-31,12.19,0.0,12.19
CLM-00017,2019-12-08,2019-12-10,2020-12-31,12.19,0.0,12.19
CLM-00017,2019-12-08,2019-12-10,2021-12-31,12.19,0.0,12.19
CLM-00017,2019-12-08,2019-12-10,2022-12-31,12.19,0.0,12.19
CLM-00017,2019-12-08,2019-12-10,2023-12-31,12.19,0.0,12.19
CLM-00018,2019-10-07,2019-10-18,2019-12-31,38.29,0.0,38.29
CLM-00018,2019-10-07,2019-10-18,2020-12-31,38.29,0.0,38.29
CLM-00018,2019-10-07,2019-10-18,2021-12-31,38.29,0.0,38.29
CLM-00018,2019-10-07,2019-10-18,2022-12-31,38.29,0.0,38.29
CLM-00018,2019-10-07,2019-10-18,2023-12-31,38.29,0.0,38.29
CLM-00019,2019-04-19,2019-05-10,2019-12-31,10.9,11.67,22.57
CLM-00019,2019-04-19,2019-05-10,2020-12-31,10.86,9.2,20.06
CLM-00019,2019-04-19,2019-05-10,2021-12-31,16.79,4.12,20.91
CLM-00019,2019-04-19,2019-05-10,2022-12-31,20.66,0.0,20.66
CLM-00019,2019-04-19,2019-05-10,2023-12-31,20.66,0.0,20.66
CLM-00020,2019-06-08,2019-07-14,2019-12-31,6.08,0.0,6.08
CLM-00020,2019-06-08,2019-07-14,2020-12-31,6.08,0.0,6.08
CLM-00020,2019-06-08,2019-07-14,2021-12-31,6.08,0.0,6.08
CLM-00020,2019-06-08,2019-07-14,2022-12-31,6.08,0.0,6.08
CLM-00020,2019-06-08,2019-07-14,2023-12-31,6.08,0.0,6.08
CLM-00021,2019-04-13,2019-04-19,2019-12-31,6.83,6.75,13.58
CLM-00021,2019-04-13,2019-04-19,2020-12-31,7.37,5.96,13.33
CLM-00021,2019-04-13,2019-04-19,2021-12-31,13.25,0.0,13.25
CLM-00021,2019-04-13,2019-04-19,2022-12-31,13.25,0.0,13.25
CLM-00021,2019-04-13,2019-04-19,2023-12-31,13.25,0.0,13.25
CLM-00022,2019-04-23,2019-05-08,2019-12-31,6.85,0.0,6.85
CLM-00022,2019-04-23,2019-05-08,2020-12-31,6.85,0.0,6.85
CLM-00022,2019-04-23,2019-05-08,2021-12-31,6.85,0.0,6.85
CLM-00022,2019-04-23,2019-05-08,2022-12-31,6.85,0.0,6.85
CLM-00022,2019-04-23,2019-05-08,2023-12-31,6.85,0.0,6.85
CLM-00023,2019-12-21,2020-01-02,2020-12-31,14.42,12.12,26.54
CLM-00023,2019-12-21,2020-01-02,2021-12-31,21.28,6.91,28.19
CLM-00023,2019-12-21,2020-01-02,2022-12-31,25.66,1.92,27.58
CLM-00023,2019-12-21,2020-01-02,2023-12-31,27.95,0.0,27.95
CLM-00024,2019-04-20,2019-04-30,2019-12-31,67.79,65.44,133.23
CLM-00024,2019-04-20,2019-04-30,2020-12-31,65.63,64.3,129.93
CLM-00024,2019-04-20,2019-04-30,2021-12-31,106.51,35.04,141.55
CLM-00024,2019-04-20,2019-04-30,2022-12-31,119.41,15.12,134.53
CLM-00024,2019-04-20,2019-04-30,2023-12-31,136.18,0.0,136.18
CLM-00025,2019-05-02,2019-06-08,2019-12-31,6.54,5.28,11.82
CLM-00025,2019-05-02,2019-06-08,2020-12-31,5.64,4.88,10.52
CLM-00025,2019-05-02,2019-06-08,2021-12-31,11.9,0.0,11.9
CLM-00025,2019-05-02,2019-06-08,2022-12-31,11.9,0.0,11.9
CLM-00025,2019-05-02,2019-06-08,2023-12-31,11.9,0.0,11.9
CLM-00026,2019-07-13,2019-08-07,2019-12-31,94.78,95.57,190.35
CLM-00026,2019-07-13,2019-08-07,2020-12-31,104.9,68.83,173.73
CLM-00026,2019-07-13,2019-08-07,2021-12-31,185.69,0.0,185.69
CLM-00026,2019-07-13,2019-08-07,2022-12-31,185.69,0.0,185.69
CLM-00026,2019-07-13,2019-08-07,2023-12-31,185.69,0.0,185.69
CLM-00027,2019-02-26,2019-03-01,2019-12-31,6.05,0.0,6.05
CLM-00027,2019-02-26,2019-03-01,2020-12-31,6.05,0.0,6.05
CLM-00027,2019-02-26,2019-03-01,2021-12-31,6.05,0.0,6.05
CLM-00027,2019-02-26,2019-03-01,2022-12-31,6.05,0.0,6.05
CLM-00027,2019-02-26,2019-03-01,2023-12-31,6.05,0.0,6.05
CLM-00028,2019-04-14,2019-04-24,2019-12-31,12.52,10.31,22.83
CLM-00028,2019-04-14,2019-04-24,2020-12-31,12.72,11.19,23.91
CLM-00028,2019-04-14,2019-04-24,2021-12-31,24.08,0.0,24.08
CLM-00028,2019-04-14,2019-04-24,2022-12-31,24.08,0.0,24.08
CLM-00028,2019-04-14,2019-04-24,2023-12-31,24.08,0.0,24.08
CLM-00029,2019-04-13,2019-04-18,2019-12-31,22.4,0.0,22.4
CLM-00029,2019-04-13,2019-04-18,2020-12-31,22.4,0.0,22.4
CLM-00029,2019-04-13,2019-04-18,2021-12-31,22.4,0.0,22.4
CLM-00029,2019-04-13,2019-04-18,2022-12-31,22.4,0.0,22.4
CLM-00029,2019-04-13,2019-04-18,2023-12-31,22.4,0.0,22.4
CLM-00030,2019-01-18,2019-02-03,2019-12-31,3.94,3.57,7.51
CLM-00030,2019-01-18,2019-02-03,2020-12-31,3.83,3.59,7.42
CLM-00030,2019-01-18,2019-02-03,2021-12-31,7.48,0.0,7.48
CLM-00030,2019-01-18,2019-02-03,2022-12-31,7.48,0.0,7.48
CLM-00030,2019-01-18,2019-02-03,2023-12-31,7.48,0.0,7.48
CLM-00031,2019-10-31,2019-11-05,2019-12-31,20.93,0.0,20.93
CLM-00031,2019-10-31,2019-11-05,2020-12-31,20.93,0.0,20.93
CLM-00031,2019-10-31,2019-11-05,2021-12-31,20.93,0.0,20.93
CLM-00031,2019-10-31,2019-11-05,2022-12-31,20.93,0.0,20.93
CLM-00031,2019-10-31,2019-11-05,2023-12-31,20.93,0.0,20.93
CLM-00032,2019-06-18,2019-07-03,2019-12-31,6.88,6.73,13.61
CLM-00032,2019-06-18,2019-07-03,2020-12-31,7.74,6.77,14.51
CLM-00032,2019-06-18,2019-07-03,2021-12-31,13.97,0.0,13.97
CLM-00032,2019-06-18,2019-07-03,2022-12-31,13.97,0.0,13.97
CLM-00032,2019-06-18,2019-07-03,2023-12-31,13.97,0.0,13.97
CLM-00033,2019-12-16,2020-01-17,2020-12-31,18.39,15.1,33.49
CLM-00033,2019-12-16,2020-01-17,2021-12-31,35.25,0.0,35.25
CLM-00033,2019-12-16,2020-01-17,2022-12-31,35.25,0.0,35.25
CLM-00033,2019-12-16,2020-01-17,2023-12-31,35.25,0.0,35.25
CLM-00034,2019-11-05,2019-12-21,2019-12-31,10.38,11.27,21.65
CLM-00034,2019-11-05,2019-12-21,2020-12-31,10.36,6.78,17.14
CLM-00034,2019-11-05,2019-12-21,2021-12-31,19.23,0.0,19.23
CLM-00034,2019-11-05,2019-12-21,2022-12-31,19.23,0.0,19.23
CLM-00034,2019-11-05,2019-12-21,2023-12-31,19.23,0.0,19.23
CLM-00035,2019-05-29,2019-06-12,2019-12-31,5.41,4.07,9.48
CLM-00035,2019-05-29,2019-06-12,2020-12-31,5.22,5.41,10.63
CLM-00035,2019-05-29,2019-06-12,2021-12-31,8.46,2.11,10.57
CLM-00035,2019-05-29,2019-06-12,2022-12-31,8.37,2.11,10.48
CLM-00035,2019-05-29,2019-06-12,2023-12-31,10.39,0.0,10.39
CLM-00036,2019-08-05,2019-09-08,2019-12-31,33.42,35.71,69.13
CLM-00036,2019-08-05,2019-09-08,2020-12-31,31.71,42.15,73.86
CLM-00036,2019-08-05,2019-09-08,2021-12-31,51.93,16.1,68.03
CLM-00036,2019-08-05,2019-09-08,2022-12-31,58.54,8.62,67.16
CLM-00036,2019-08-05,2019-09-08,2023-12-31,66.22,0.0,66.22
CLM-00037,2019-09-26,2019-11-04,2019-12-31,11.64,10.67,22.31
CLM-00037,2019-09-26,2019-11-04,2020-12-31,11.96,12.19,24.15
CLM-00037,2019-09-26,2019-11-04,2021-12-31,22.56,0.0,22.56
CLM-00037,2019-09-26,2019-11-04,2022-12-31,22.56,0.0,22.56
CLM-00037,2019-09-26,2019-11-04,2023-12-31,22.56,0.0,22.56
CLM-00038,2019-11-24,2019-12-14,2019-12-31,5.1,4.32,9.42
CLM-00038,2019-11-24,2019-12-14,2020-12-31,5.22,4.73,9.95
CLM-00038,2019-11-24,2019-12-14,2021-12-31,9.41,0.0,9.41
CLM-00038,2019-11-24,2019-12-14,2022-12-31,9.41,0.0,9.41
CLM-00038,2019-11-24,2019-12-14,2023-12-31,9.41,0.0,9.41
CLM-00039,2019-11-16,2019-11-18,2019-12-31,34.29,37.45,71.74
CLM-00039,2019-11-16,2019-11-18,2020-12-31,31.37,27.8,59.17
CLM-00039,2019-11-16,2019-11-18,2021-12-31,46.46,16.85,63.31
CLM-00039,2019-11-16,2019-11-18,2022-12-31,61.0,4.95,65.95
CLM-00039,2019-11-16,2019-11-18,2023-12-31,65.59,0.0,65.59
CLM-00040,2019-08-20,2019-08-23,2019-12-31,1.45,1.51,2.96
CLM-00040,2019-08-20,2019-08-23,2020-12-31,1.54,1.35,2.89
CLM-00040,2019-08-20,2019-08-23,2021-12-31,2.86,0.0,2.86
CLM-00040,2019-08-20,2019-08-23,2022-12-31,2.86,0.0,2.86
CLM-00040,2019-08-20,2019-08-23,2023-12-31,2.86,0.0,2.86
CLM-00041,2019-03-31,2019-04-08,2019-12-31,21.27,0.0,21.27
CLM-00041,2019-03-31,2019-04-08,2020-12-31,21.27,0.0,21.27
CLM-00041,2019-03-31,2019-04-08,2021-12-31,21.27,0.0,21.27
CLM-00041,2019-03-31,2019-04-08,2022-12-31,21.27,0.0,21.27
CLM-00041,2019-03-31,2019-04-08,2023-12-31,21.27,0.0,21.27
CLM-00042,2019-03-29,2019-04-12,2019-12-31,6.44,0.0,6.44
CLM-00042,2019-03-29,2019-04-12,2020-12-31,6.44,0.0,6.44
CLM-00042,2019-03-29,2019-04-12,2021-12-31,6.44,0.0,6.44
CLM-00042,2019-03-29,2019-04-12,2022-12-31,6.44,0.0,6.44
CLM-00042,2019-03-29,2019-04-12,2023-12-31,6.44,0.0,6.44
CLM-00043,2019-11-04,2019-11-28,2019-12-31,17.2,0.0,17.2
CLM-00043,2019-11-04,2019-11-28,2020-12-31,17.2,0.0,17.2
CLM-00043,2019-11-04,2019-11-28,2021-12-31,17.2,0.0,17.2
CLM-00043,2019-11-04,2019-11-28,2022-12-31,17.2,0.0,17.2
CLM-00043,2019-11-04,2019-11-28,2023-12-31,17.2,0.0,17.2
CLM-00044,2019-09-12,2019-09-28,2019-12-31,8.93,0.0,8.93
CLM-00044,2019-09-12,2019-09-28,2020-12-31,8.93,0.0,8.93
CLM-00044,2019-09-12,2019-09-28,2021-12-31,8.93,0.0,8.93
CLM-00044,2019-09-12,2019-09-28,2022-12-31,8.93,0.0,8.93
CLM-00044,2019-09-12,2019-09-28,2023-12-31,8.93,0.0,8.93
CLM-00045,2019-01-02,2019-03-07,2019-12-31,4.2,0.0,4.2
CLM-00045,2019-01-02,2019-03-07,2020-12-31,4.2,0.0,4.2
CLM-00045,2019-01-02,2019-03-07,2021-12-31,4.2,0.0,4.2
CLM-00045,2019-01-02,2019-03-07,2022-12-31,4.2,0.0,4.2
CLM-00045,2019-01-02,2019-03-07,2023-12-31,4.2,0.0,4.2
CLM-00046,2019-01-16,2019-03-07,2019-12-31,23.64,0.0,23.64
CLM-00046,2019-01-16,2019-03-07,2020-12-31,23.64,0.0,23.64
CLM-00046,2019-01-16,2019-03-07,2021-12-31,23.64,0.0,23.64
CLM-00046,2019-01-16,2019-03-07,2022-12-31,23.64,0.0,23.64
CLM-00046,2019-01-16,2019-03-07,2023-12-31,23.64,0.0,23.64
CLM-00047,2019-06-11,2019-06-12,2019-12-31,9.34,9.21,18.55
CLM-00047,2019-06-11,2019-06-12,2020-12-31,8.54,8.01,16.55
CLM-00047,2019-06-11,2019-06-12,2021-12-31,16.36,0.0,16.36
CLM-00047,2019-06-11,2019-06-12,2022-12-31,16.36,0.0,16.36
CLM-00047,2019-06-11,2019-06-12,2023-12-31,16.36,0.0,16.36
CLM-00048,2019-12-09,2020-01-12,2020-12-31,11.18,8.39,19.57
CLM-00048,2019-12-09,2020-01-12,2021-12-31,23.36,0.0,23.36
CLM-00048,2019-12-09,2020-01-12,2022-12-31,23.36,0.0,23.36
CLM-00048,2019-12-09,2020-01-12,2023-12-31,23.36,0.0,23.36
CLM-00049,2019-06-23,2019-06-24,2019-12-31,8.42,0.0,8.42
CLM-00049,2019-06-23,2019-06-24,2020-12-31,8.42,0.0,8.42
CLM-00049,2019-06-23,2019-06-24,2021-12-31,8.42,0.0,8.42
CLM-00049,2019-06-23,2019-06-24,2022-12-31,8.42,0.0,8.42
CLM-00049,2019-06-23,2019-06-24,2023-12-31,8.42,0.0,8.42
CLM-00050,2019-06-22,2019-06-26,2019-12-31,4.28,3.11,7.39
CLM-00050,2019-06-22,2019-06-26,2020-12-31,4.06,3.27,7.33
CLM-00050,2019-06-22,2019-06-26,2021-12-31,7.29,0.0,7.29
CLM-00050,2019-06-22,2019-06-26,2022-12-31,7.29,0.0,7.29
CLM-00050,2019-06-22,2019-06-26,2023-12-31,7.29,0.0,7.29
CLM-00051,2019-04-08,2019-04-16,2019-12-31,9.2,0.0,9.2
CLM-00051,2019-04-08,2019-04-16,2020-12-31,9.2,0.0,9.2
CLM-00051,2019-04-08,2019-04-16,2021-12-31,9.2,0.0,9.2
CLM-00051,2019-04-08,2019-04-16,2022-12-31,9.2,0.0,9.2
CLM-00051,2019-04-08,2019-04-16,2023-12-31,9.2,0.0,9.2
CLM-00052,2019-10-19,2019-11-01,2019-12-31,6.71,7.11,13.82
CLM-00052,2019-10-19,2019-11-01,2020-12-31,6.65,5.86,12.51
CLM-00052,2019-10-19,2019-11-01,2021-12-31,14.2,0.0,14.2
CLM-00052,2019-10-19,2019-11-01,2022-12-31,14.2,0.0,14.2
CLM-00052,2019-10-19,2019-11-01,2023-12-31,14.2,0.0,14.2
CLM-00053,2019-09-01,2019-09-15,2019-12-31,6.25,5.06,11.31
CLM-00053,2019-09-01,2019-09-15,2020-12-31,6.26,4.22,10.48
CLM-00053,2019-09-01,2019-09-15,2021-12-31,8.93,2.88,11.81
CLM-00053,2019-09-01,2019-09-15,2022-12-31,10.66,1.24,11.9
CLM-00053,2019-09-01,2019-09-15,2023-12-31,11.77,0.0,11.77
CLM-00054,2019-02-13,2019-02-17,2019-12-31,5.89,3.92,9.81
CLM-00054,2019-02-13,2019-02-17,2020-12-31,5.21,6.33,11.54
CLM-00054,2019-02-13,2019-02-17,2021-12-31,7.99,3.01,11.0
CLM-00054,2019-02-13,2019-02-17,2022-12-31,10.48,0.0,10.48
CLM-00054,2019-02-13,2019-02-17,2023-12-31,10.48,0.0,10.48
CLM-00055,2019-11-01,2019-11-18,2019-12-31,31.49,29.9,61.39
CLM-00055,2019-11-01,2019-11-18,2020-12-31,33.79,22.77,56.56
CLM-00055,2019-11-01,2019-11-18,2021-12-31,63.55,0.0,63.55
CLM-00055,2019-11-01,2019-11-18,2022-12-31,63.55,0.0,63.55
CLM-00055,2019-11-01,2019-11-18,2023-12-31,63.55,0.0,63.55
CLM-00056,2019-10-02,2019-10-21,2019-12-31,9.69,0.0,9.69
CLM-00056,2019-10-02,2019-10-21,2020-12-31,9.69,0.0,9.69
CLM-00056,2019-10-02,2019-10-21,2021-12-31,9.69,0.0,9.69
CLM-00056,2019-10-02,2019-10-21,2022-12-31,9.69,0.0,9.69
CLM-00056,2019-10-02,2019-10-21,2023-12-31,9.69,0.0,9.69
CLM-00057,2019-08-12,2019-08-15,2019-12-31,16.96,16.28,33.24
CLM-00057,2019-08-12,2019-08-15,2020-12-31,16.88,19.72,36.6
CLM-00057,2019-08-12,2019-08-15,2021-12-31,31.99,0.0,31.99
CLM-00057,2019-08-12,2019-08-15,2022-12-31,31.99,0.0,31.99
CLM-00057,2019-08-12,2019-08-15,2023-12-31,31.99,0.0,31.99
CLM-00058,2019-01-22,2019-02-20,2019-12-31,6.72,0.0,6.72
CLM-00058,2019-01-22,2019-02-20,2020-12-31,6.72,0.0,6.72
CLM-00058,2019-01-22,2019-02-20,2021-12-31,6.72,0.0,6.72
CLM-00058,2019-01-22,2019-02-20,2022-12-31,6.72,0.0,6.72
CLM-00058,2019-01-22,2019-02-20,2023-12-31,6.72,0.0,6.72
CLM-00059,2019-05-23,2019-06-06,2019-12-31,32.84,0.0,32.84
CLM-00059,2019-05-23,2019-06-06,2020-12-31,32.84,0.0,32.84
CLM-00059,2019-05-23,2019-06-06,2021-12-31,32.84,0.0,32.84
CLM-00059,2019-05-23,2019-06-06,2022-12-31,32.84,0.0,32.84
CLM-00059,2019-05-23,2019-06-06,2023-12-31,32.84,0.0,32.84
CLM-00060,2019-03-06,2019-03-18,2019-12-31,4.27,5.5,9.77
CLM-00060,2019-03-06,2019-03-18,2020-12-31,4.89,3.81,8.7
CLM-00060,2019-03-06,2019-03-18,2021-12-31,8.85,0.0,8.85
CLM-00060,2019-03-06,2019-03-18,2022-12-31,8.85,0.0,8.85
CLM-00060,2019-03-06,2019-03-18,2023-12-31,8.85,0.0,8.85
CLM-00061,2019-08-15,2019-10-05,2019-12-31,15.75,14.37,30.12
CLM-00061,2019-08-15,2019-10-05,2020-12-31,16.94,18.94,35.88
CLM-00061,2019-08-15,2019-10-05,2021-12-31,23.27,9.25,32.52
CLM-00061,2019-08-15,2019-10-05,2022-12-31,32.19,0.0,32.19
CLM-00061,2019-08-15,2019-10-05,2023-12-31,32.19,0.0,32.19
CLM-00062,2019-10-12,2019-10-12,2019-12-31,7.01,6.16,13.17
CLM-00062,2019-10-12,2019-10-12,2020-12-31,6.14,7.34,13.48
CLM-00062,2019-10-12,2019-10-12,2021-12-31,12.95,0.0,12.95
CLM-00062,2019-10-12,2019-10-12,2022-12-31,12.95,0.0,12.95
CLM-00062,2019-10-12,2019-10-12,2023-12-31,12.95,0.0,12.95
CLM-00063,2019-07-16,2019-08-26,2019-12-31,33.46,0.0,33.46
CLM-00063,2019-07-16,2019-08-26,2020-12-31,33.46,0.0,33.46
CLM-00063,2019-07-16,2019-08-26,2021-12-31,33.46,0.0,33.46
CLM-00063,2019-07-16,2019-08-26,2022-12-31,33.46,0.0,33.46
CLM-00063,2019-07-16,2019-08-26,2023-12-31,33.46,0.0,33.46
CLM-00064,2019-10-19,2019-11-11,2019-12-31,5.13,4.56,9.69
CLM-00064,2019-10-19,2019-11-11,2020-12-31,4.8,5.76,10.56
CLM-00064,2019-10-19,2019-11-11,2021-12-31,9.53,0.0,9.53
CLM-00064,2019-10-19,2019-11-11,2022-12-31,9.53,0.0,9.53
CLM-00064,2019-10-19,2019-11-11,2023-12-31,9.53,0.0,9.53
CLM-00065,2019-04-06,2019-04-07,2019-12-31,6.59,4.45,11.04
CLM-00065,2019-04-06,2019-04-07,2020-12-31,5.42,8.0,13.42
CLM-00065,2019-04-06,2019-04-07,2021-12-31,10.3,1.47,11.77
CLM-00065,2019-04-06,2019-04-07,2022-12-31,11.86,0.0,11.86
CLM-00065,2019-04-06,2019-04-07,2023-12-31,11.86,0.0,11.86
CLM-00066,2019-09-04,2019-09-13,2019-12-31,15.61,0.0,15.61
CLM-00066,2019-09-04,2019-09-13,2020-12-31,15.61,0.0,15.61
CLM-00066,2019-09-04,2019-09-13,2021-12-31,15.61,0.0,15.61
CLM-00066,2019-09-04,2019-09-13,2022-12-31,15.61,0.0,15.61
CLM-00066,2019-09-04,2019-09-13,2023-12-31,15.61,0.0,15.61
CLM-00067,2019-08-21,2019-09-04,2019-12-31,7.7,8.73,16.43
CLM-00067,2019-08-21,2019-09-04,2020-12-31,8.27,10.15,18.42
CLM-00067,2019-08-21,2019-09-04,2021-12-31,16.22,0.0,16.22
CLM-00067,2019-08-21,2019-09-04,2022-12-31,16.22,0.0,16.22
CLM-00067,2019-08-21,2019-09-04,2023-12-31,16.22,0.0,16.22
CLM-00068,2019-04-18,2019-04-21,2019-12-31,12.31,13.19,25.5
CLM-00068,2019-04-18,2019-04-21,2020-12-31,12.01,8.55,20.56
CLM-00068,2019-04-18,2019-04-21,2021-12-31,23.47,0.0,23.47
CLM-00068,2019-04-18,2019-04-21,2022-12-31,23.47,0.0,23.47
CLM-00068,2019-04-18,2019-04-21,2023-12-31,23.47,0.0,23.47
CLM-00069,2019-05-07,2019-05-12,2019-12-31,2.53,1.51,4.04
CLM-00069,2019-05-07,2019-05-12,2020-12-31,2.7,2.38,5.08
CLM-00069,2019-05-07,2019-05-12,2021-12-31,3.71,1.03,4.74
CLM-00069,2019-05-07,2019-05-12,2022-12-31,4.99,0.0,4.99
CLM-00069,2019-05-07,2019-05-12,2023-12-31,4.99,0.0,4.99
CLM-00070,2019-11-23,2019-12-09,2019-12-31,13.11,11.33,24.44
CLM-00070,2019-11-23,2019-12-09,2020-12-31,13.38,12.41,25.79
CLM-00070,2019-11-23,2019-12-09,2021-12-31,24.73,0.0,24.73
CLM-00070,2019-11-23,2019-12-09,2022-12-31,24.73,0.0,24.73
CLM-00070,2019-11-23,2019-12-09,2023-12-31,24.73,0.0,24.73
CLM-00071,2019-06-21,2019-06-30,2019-12-31,30.67,30.98,61.65
CLM-00071,2019-06-21,2019-06-30,2020-12-31,30.95,33.5,64.45
CLM-00071,2019-06-21,2019-06-30,2021-12-31,41.18,16.71,57.89
CLM-00071,2019-06-21,2019-06-30,2022-12-31,52.69,4.94,57.63
CLM-00071,2019-06-21,2019-06-30,2023-12-31,60.26,0.0,60.26
CLM-00072,2019-03-09,2019-03-14,2019-12-31,7.95,6.36,14.31
CLM-00072,2019-03-09,2019-03-14,2020-12-31,8.02,8.62,16.64
CLM-00072,2019-03-09,2019-03-14,2021-12-31,15.47,0.0,15.47
CLM-00072,2019-03-09,2019-03-14,2022-12-31,15.47,0.0,15.47
CLM-00072,2019-03-09,2019-03-14,2023-12-31,15.47,0.0,15.47
CLM-00073,2019-06-28,2019-06-30,2019-12-31,17.98,0.0,17.98
CLM-00073,2019-06-28,2019-06-30,2020-12-31,17.98,0.0,17.98
CLM-00073,2019-06-28,2019-06-30,2021-12-31,17.98,0.0,17.98
CLM-00073,2019-06-28,2019-06-30,2022-12-31,17.98,0.0,17.98
CLM-00073,2019-06-28,2019-06-30,2023-12-31,17.98,0.0,17.98
CLM-00074,2019-05-24,2019-06-05,2019-12-31,7.11,7.74,14.85
CLM-00074,2019-05-24,2019-06-05,2020-12-31,6.33,5.74,12.07
CLM-00074,2019-05-24,2019-06-05,2021-12-31,10.08,4.45,14.53
CLM-00074,2019-05-24,2019-06-05,2022-12-31,13.73,0.0,13.73
CLM-00074,2019-05-24,2019-06-05,2023-12-31,13.73,0.0,13.73
CLM-00075,2019-06-25,2019-07-26,2019-12-31,26.0,0.0,26.0
CLM-00075,2019-06-25,2019-07-26,2020-12-31,26.0,0.0,26.0
CLM-00075,2019-06-25,2019-07-26,2021-12-31,26.0,0.0,26.0
CLM-00075,2019-06-25,2019-07-26,2022-12-31,26.0,0.0,26.0
CLM-00075,2019-06-25,2019-07-26,2023-12-31,26.0,0.0,26.0
CLM-00076,2019-01-18,2019-01-19,2019-12-31,2.71,2.66,5.37
CLM-00076,2019-01-18,2019-01-19,2020-12-31,2.45,1.82,4.27
CLM-00076,2019-01-18,2019-01-19,2021-12-31,4.97,0.0,4.97
CLM-00076,2019-01-18,2019-01-19,2022-12-31,4.97,0.0,4.97
CLM-00076,2019-01-18,2019-01-19,2023-12-31,4.97,0.0,4.97
CLM-00077,2019-06-16,2019-08-16,2019-12-31,8.9,0.0,8.9
CLM-00077,2019-06-16,2019-08-16,2020-12-31,8.9,0.0,8.9
CLM-00077,2019-06-16,2019-08-16,2021-12-31,8.9,0.0,8.9
CLM-00077,2019-06-16,2019-08-16,2022-12-31,8.9,0.0,8.9
CLM-00077,2019-06-16,2019-08-16,2023-12-31,8.9,0.0,8.9
CLM-00078,2019-03-01,2019-03-31,2019-12-31,19.14,20.04,39.18
CLM-00078,2019-03-01,2019-03-31,2020-12-31,19.33,18.54,37.87
CLM-00078,2019-03-01,2019-03-31,2021-12-31,28.62,7.78,36.4
CLM-00078,2019-03-01,2019-03-31,2022-12-31,36.02,0.0,36.02
CLM-00078,2019-03-01,2019-03-31,2023-12-31,36.02,0.0,36.02
CLM-00079,2019-09-13,2019-11-01,2019-12-31,38.76,32.22,70.98
CLM-00079,2019-09-13,2019-11-01,2020-12-31,38.74,31.11,69.85
CLM-00079,2019-09-13,2019-11-01,2021-12-31,54.28,12.97,67.25
CLM-00079,2019-09-13,2019-11-01,2022-12-31,64.77,5.07,69.84
CLM-00079,2019-09-13,2019-11-01,2023-12-31,69.79,0.0,69.79
CLM-00080,2019-03-02,2019-03-02,2019-12-31,9.26,7.8,17.06
CLM-00080,2019-03-02,2019-03-02,2020-12-31,8.98,8.12,17.1
CLM-00080,2019-03-02,2019-03-02,2021-12-31,13.0,3.39,16.39
CLM-00080,2019-03-02,2019-03-02,2022-12-31,15.4,1.47,16.87
CLM-00080,2019-03-02,2019-03-02,2023-12-31,17.05,0.0,17.05
CLM-00081,2019-02-18,2019-02-21,2019-12-31,4.35,0.0,4.35
CLM-00081,2019-02-18,2019-02-21,2020-12-31,4.35,0.0,4.35
CLM-00081,2019-02-18,2019-02-21,2021-12-31,4.35,0.0,4.35
CLM-00081,2019-02-18,2019-02-21,2022-12-31,4.35,0.0,4.35
CLM-00081,2019-02-18,2019-02-21,2023-12-31,4.35,0.0,4.35
CLM-00082,2019-04-18,2019-06-10,2019-12-31,13.25,12.45,25.7
CLM-00082,2019-04-18,2019-06-10,2020-12-31,12.37,9.41,21.78
CLM-00082,2019-04-18,2019-06-10,2021-12-31,18.14,5.99,24.13
CLM-00082,2019-04-18,2019-06-10,2022-12-31,23.94,0.0,23.94
CLM-00082,2019-04-18,2019-06-10,2023-12-31,23.94,0.0,23.94
CLM-00083,2019-05-11,2019-06-10,2019-12-31,5.61,5.59,11.2
CLM-00083,2019-05-11,2019-06-10,2020-12-31,5.8,4.31,10.11
CLM-00083,2019-05-11,2019-06-10,2021-12-31,8.27,3.32,11.59
CLM-00083,2019-05-11,2019-06-10,2022-12-31,11.0,0.0,11.0
CLM-00083,2019-05-11,2019-06-10,2023-12-31,11.0,0.0,11.0
CLM-00084,2019-07-09,2019-08-05,2019-12-31,9.62,10.62,20.24
CLM-00084,2019-07-09,2019-08-05,2020-12-31,8.38,10.83,19.21
CLM-00084,2019-07-09,2019-08-05,2021-12-31,18.6,0.0,18.6
CLM-00084,2019-07-09,2019-08-05,2022-12-31,18.6,0.0,18.6
CLM-00084,2019-07-09,2019-08-05,2023-12-31,18.6,0.0,18.6
CLM-00085,2019-09-12,2019-09-22,2019-12-31,14.0,0.0,14.0
CLM-00085,2019-09-12,2019-09-22,2020-12-31,14.0,0.0,14.0
CLM-00085,2019-09-12,2019-09-22,2021-12-31,14.0,0.0,14.0
CLM-00085,2019-09-12,2019-09-22,2022-12-31,14.0,0.0,14.0
CLM-00085,2019-09-12,2019-09-22,2023-12-31,14.0,0.0,14.0
CLM-00086,2019-11-12,2019-12-11,2019-12-31,12.16,9.04,21.2
CLM-00086,2019-11-12,2019-12-11,2020-12-31,10.12,11.52,21.64
CLM-00086,2019-11-12,2019-12-11,2021-12-31,20.18,0.0,20.18
CLM-00086,2019-11-12,2019-12-11,2022-12-31,20.18,0.0,20.18
CLM-00086,2019-11-12,2019-12-11,2023-12-31,20.18,0.0,20.18
CLM-00087,2019-05-04,2019-05-10,2019-12-31,18.38,0.0,18.38
CLM-00087,2019-05-04,2019-05-10,2020-12-31,18.38,0.0,18.38
CLM-00087,2019-05-04,2019-05-10,2021-12-31,18.38,0.0,18.38
CLM-00087,2019-05-04,2019-05-10,2022-12-31,18.38,0.0,18.38
CLM-00087,2019-05-04,2019-05-10,2023-12-31,18.38,0.0,18.38
CLM-00088,2019-05-18,2019-07-17,2019-12-31,19.44,0.0,19.44
CLM-00088,2019-05-18,2019-07-17,2020-12-31,19.44,0.0,19.44
CLM-00088,2019-05-18,2019-07-17,2021-12-31,19.44,0.0,19.44
CLM-00088,2019-05-18,2019-07-17,2022-12-31,19.44,0.0,19.44
CLM-00088,2019-05-18,2019-07-17,2023-12-31,19.44,0.0,19.44
CLM-00089,2019-02-16,2019-02-21,2019-12-31,15.27,12.13,27.4
CLM-00089,2019-02-16,2019-02-21,2020-12-31,16.86,15.06,31.92
CLM-00089,2019-02-16,2019-02-21,2021-12-31,24.85,7.56,32.41
CLM-00089,2019-02-16,2019-02-21,2022-12-31,32.44,0.0,32.44
CLM-00089,2019-02-16,2019-02-21,2023-12-31,32.44,0.0,32.44
CLM-00090,2019-01-17,2019-02-06,2019-12-31,7.12,0.0,7.12
CLM-00090,2019-01-17,2019-02-06,2020-12-31,7.12,0.0,7.12
CLM-00090,2019-01-17,2019-02-06,2021-12-31,7.12,0.0,7.12
CLM-00090,2019-01-17,2019-02-06,2022-12-31,7.12,0.0,7.12
CLM-00090,2019-01-17,2019-02-06,2023-12-31,7.12,0.0,7.12
CLM-00091,2019-09-28,2019-10-17,2019-12-31,13.11,0.0,13.11
CLM-00091,2019-09-28,2019-10-17,2020-12-31,13.11,0.0,13.11
CLM-00091,2019-09-28,2019-10-17,2021-12-31,13.11,0.0,13.11
CLM-00091,2019-09-28,2019-10-17,2022-12-31,13.11,0.0,13.11
CLM-00091,2019-09-28,2019-10-17,2023-12-31,13.11,0.0,13.11
CLM-00092,2019-08-13,2019-08-26,2019-12-31,12.81,14.87,27.68
CLM-00092,2019-08-13,2019-08-26,2020-12-31,12.5,16.13,28.63
CLM-00092,2019-08-13,2019-08-26,2021-12-31,18.9,4.79,23.69
CLM-00092,2019-08-13,2019-08-26,2022-12-31,24.82,0.0,24.82
CLM-00092,2019-08-13,2019-08-26,2023-12-31,24.82,0.0,24.82
CLM-00093,2019-08-13,2019-08-24,2019-12-31,28.35,0.0,28.35
CLM-00093,2019-08-13,2019-08-24,2020-12-31,28.35,0.0,28.35
CLM-00093,2019-08-13,2019-08-24,2021-12-31,28.35,0.0,28.35
CLM-00093,2019-08-13,2019-08-24,2022-12-31,28.35,0.0,28.35
CLM-00093,2019-08-13,2019-08-24,2023-12-31,28.35,0.0,28.35
CLM-00094,2019-03-07,2019-03-26,2019-12-31,7.37,6.14,13.51
CLM-00094,2019-03-07,2019-03-26,2020-12-31,7.27,8.75,16.02
CLM-00094,2019-03-07,2019-03-26,2021-12-31,10.76,3.54,14.3
CLM-00094,2019-03-07,2019-03-26,2022-12-31,12.67,1.44,14.11
CLM-00094,2019-03-07,2019-03-26,2023-12-31,14.09,0.0,14.09
CLM-00095,2019-03-08,2019-03-29,2019-12-31,36.34,26.1,62.44
CLM-00095,2019-03-08,2019-03-29,2020-12-31,35.15,37.36,72.51
CLM-00095,2019-03-08,2019-03-29,2021-12-31,67.89,0.0,67.89
CLM-00095,2019-03-08,2019-03-29,2022-12-31,67.89,0.0,67.89
CLM-00095,2019-03-08,2019-03-29,2023-12-31,67.89,0.0,67.89
CLM-00096,2019-12-13,2019-12-21,2019-12-31,24.25,24.4,48.65
CLM-00096,2019-12-13,2019-12-21,2020-12-31,21.07,27.93,49.0
CLM-00096,2019-12-13,2019-12-21,2021-12-31,47.48,0.0,47.48
CLM-00096,2019-12-13,2019-12-21,2022-12-31,47.48,0.0,47.48
CLM-00096,2019-12-13,2019-12-21,2023-12-31,47.48,0.0,47.48
CLM-00097,2019-10-29,2019-11-05,2019-12-31,5.22,6.76,11.98
CLM-00097,2019-10-29,2019-11-05,2020-12-31,5.35,5.23,10.58
CLM-00097,2019-10-29,2019-11-05,2021-12-31,10.28,0.0,10.28
CLM-00097,2019-10-29,2019-11-05,2022-12-31,10.28,0.0,10.28
CLM-00097,2019-10-29,2019-11-05,2023-12-31,10.28,0.0,10.28
CLM-00098,2019-12-02,2019-12-23,2019-12-31,9.07,7.63,16.7
CLM-00098,2019-12-02,2019-12-23,2020-12-31,9.61,8.09,17.7
CLM-00098,2019-12-02,2019-12-23,2021-12-31,13.41,4.18,17.59
CLM-00098,2019-12-02,2019-12-23,2022-12-31,16.25,1.54,17.79
CLM-00098,2019-12-02,2019-12-23,2023-12-31,17.66,0.0,17.66
CLM-00099,2020-04-20,2020-05-03,2020-12-31,12.45,13.93,26.38
CLM-00099,2020-04-20,2020-05-03,2021-12-31,13.97,12.62,26.59
CLM-00099,2020-04-20,2020-05-03,2022-12-31,20.59,4.21,24.8
CLM-00099,2020-04-20,2020-05-03,2023-12-31,23.98,1.85,25.83
CLM-00100,2020-08-28,2020-10-13,2020-12-31,20.67,18.92,39.59
CLM-00100,2020-08-28,2020-10-13,2021-12-31,18.86,18.54,37.4
CLM-00100,2020-08-28,2020-10-13,2022-12-31,29.16,7.44,36.6
CLM-00100,2020-08-28,2020-10-13,2023-12-31,33.4,3.45,36.85
CLM-00101,2020-03-10,2020-03-13,2020-12-31,6.79,6.58,13.37
CLM-00101,2020-03-10,2020-03-13,2021-12-31,7.01,5.7,12.71
CLM-00101,2020-03-10,2020-03-13,2022-12-31,13.05,0.0,13.05
CLM-00101,2020-03-10,2020-03-13,2023-12-31,13.05,0.0,13.05
CLM-00102,2020-08-24,2020-08-31,2020-12-31,27.48,25.42,52.9
CLM-00102,2020-08-24,2020-08-31,2021-12-31,28.43,29.42,57.85
CLM-00102,2020-08-24,2020-08-31,2022-12-31,43.76,13.16,56.92
CLM-00102,2020-08-24,2020-08-31,2023-12-31,54.06,3.74,57.8
CLM-00103,2020-11-29,2020-12-07,2020-12-31,15.19,9.8,24.99
CLM-00103,2020-11-29,2020-12-07,2021-12-31,15.5,14.24,29.74
CLM-00103,2020-11-29,2020-12-07,2022-12-31,24.11,6.64,30.75
CLM-00103,2020-11-29,2020-12-07,2023-12-31,29.75,0.0,29.75
CLM-00104,2020-11-28,2020-12-12,2020-12-31,13.93,14.76,28.69
CLM-00104,2020-11-28,2020-12-12,2021-12-31,13.54,14.85,28.39
CLM-00104,2020-11-28,2020-12-12,2022-12-31,26.79,0.0,26.79
CLM-00104,2020-11-28,2020-12-12,2023-12-31,26.79,0.0,26.79
CLM-00105,2020-11-08,2020-11-09,2020-12-31,9.81,9.11,18.92
CLM-00105,2020-11-08,2020-11-09,2021-12-31,10.53,7.87,18.4
CLM-00105,2020-11-08,2020-11-09,2022-12-31,19.72,0.0,19.72
CLM-00105,2020-11-08,2020-11-09,2023-12-31,19.72,0.0,19.72
CLM-00106,2020-07-17,2020-07-26,2020-12-31,9.61,12.49,22.1
CLM-00106,2020-07-17,2020-07-26,2021-12-31,10.39,10.03,20.42
CLM-00106,2020-07-17,2020-07-26,2022-12-31,19.84,0.0,19.84
CLM-00106,2020-07-17,2020-07-26,2023-12-31,19.84,0.0,19.84
CLM-00107,2020-05-12,2020-05-15,2020-12-31,6.35,6.2,12.55
CLM-00107,2020-05-12,2020-05-15,2021-12-31,6.21,6.84,13.05
CLM-00107,2020-05-12,2020-05-15,2022-12-31,10.41,2.17,12.58
CLM-00107,2020-05-12,2020-05-15,2023-12-31,12.61,0.0,12.61
CLM-00108,2020-05-29,2020-06-04,2020-12-31,7.51,7.88,15.39
CLM-00108,2020-05-29,2020-06-04,2021-12-31,8.39,9.58,17.97
CLM-00108,2020-05-29,2020-06-04,2022-12-31,11.31,4.64,15.95
CLM-00108,2020-05-29,2020-06-04,2023-12-31,13.94,1.16,15.1
CLM-00109,2020-08-02,2020-08-12,2020-12-31,9.6,7.88,17.48
CLM-00109,2020-08-02,2020-08-12,2021-12-31,10.66,8.81,19.47
CLM-00109,2020-08-02,2020-08-12,2022-12-31,14.83,5.03,19.86
CLM-00109,2020-08-02,2020-08-12,2023-12-31,19.85,0.0,19.85
CLM-00110,2020-10-15,2020-10-24,2020-12-31,5.57,6.41,11.98
CLM-00110,2020-10-15,2020-10-24,2021-12-31,5.73,5.75,11.48
CLM-00110,2020-10-15,2020-10-24,2022-12-31,8.79,2.29,11.08
CLM-00110,2020-10-15,2020-10-24,2023-12-31,10.08,0.73,10.81
CLM-00111,2020-05-14,2020-05-21,2020-12-31,15.9,19.06,34.96
CLM-00111,2020-05-14,2020-05-21,2021-12-31,17.25,17.85,35.1
CLM-00111,2020-05-14,2020-05-21,2022-12-31,24.18,6.34,30.52
CLM-00111,2020-05-14,2020-05-21,2023-12-31,31.84,0.0,31.84
CLM-00112,2020-09-02,2020-09-02,2020-12-31,19.36,0.0,19.36
CLM-00112,2020-09-02,2020-09-02,2021-12-31,19.36,0.0,19.36
CLM-00112,2020-09-02,2020-09-02,2022-12-31,19.36,0.0,19.36
CLM-00112,2020-09-02,2020-09-02,2023-12-31,19.36,0.0,19.36
CLM-00113,2020-03-23,2020-03-28,2020-12-31,15.05,0.0,15.05
CLM-00113,2020-03-23,2020-03-28,2021-12-31,15.05,0.0,15.05
CLM-00113,2020-03-23,2020-03-28,2022-12-31,15.05,0.0,15.05
CLM-00113,2020-03-23,2020-03-28,2023-12-31,15.05,0.0,15.05
CLM-00114,2020-01-01,2020-03-16,2020-12-31,8.89,0.0,8.89
CLM-00114,2020-01-01,2020-03-16,2021-12-31,8.89,0.0,8.89
CLM-00114,2020-01-01,2020-03-16,2022-12-31,8.89,0.0,8.89
CLM-00114,2020-01-01,2020-03-16,2023-12-31,8.89,0.0,8.89
CLM-00115,2020-08-02,2020-08-07,2020-12-31,9.56,4.81,14.37
CLM-00115,2020-08-02,2020-08-07,2021-12-31,7.92,8.28,16.2
CLM-00115,2020-08-02,2020-08-07,2022-12-31,13.05,4.28,17.33
CLM-00115,2020-08-02,2020-08-07,2023-12-31,16.93,0.0,16.93
CLM-00116,2020-04-03,2020-04-06,2020-12-31,21.55,22.34,43.89
CLM-00116,2020-04-03,2020-04-06,2021-12-31,21.65,17.78,39.43
CLM-00116,2020-04-03,2020-04-06,2022-12-31,32.73,8.48,41.21
CLM-00116,2020-04-03,2020-04-06,2023-12-31,41.07,0.0,41.07
CLM-00117,2020-12-13,2021-01-03,2021-12-31,5.85,0.0,5.85
CLM-00117,2020-12-13,2021-01-03,2022-12-31,5.85,0.0,5.85
CLM-00117,2020-12-13,2021-01-03,2023-12-31,5.85,0.0,5.85
CLM-00118,2020-12-22,2021-01-04,2021-12-31,5.18,3.71,8.89
CLM-00118,2020-12-22,2021-01-04,2022-12-31,9.13,0.0,9.13
CLM-00118,2020-12-22,2021-01-04,2023-12-31,9.13,0.0,9.13
CLM-00119,2020-05-15,2020-05-17,2020-12-31,3.91,3.78,7.69
CLM-00119,2020-05-15,2020-05-17,2021-12-31,4.29,4.1,8.39
CLM-00119,2020-05-15,2020-05-17,2022-12-31,8.18,0.0,8.18
CLM-00119,2020-05-15,2020-05-17,2023-12-31,8.18,0.0,8.18
CLM-00120,2020-06-26,2020-07-22,2020-12-31,9.58,0.0,9.58
CLM-00120,2020-06-26,2020-07-22,2021-12-31,9.58,0.0,9.58
CLM-00120,2020-06-26,2020-07-22,2022-12-31,9.58,0.0,9.58
CLM-00120,2020-06-26,2020-07-22,2023-12-31,9.58,0.0,9.58
CLM-00121,2020-10-11,2020-10-20,2020-12-31,31.77,33.51,65.28
CLM-00121,2020-10-11,2020-10-20,2021-12-31,35.29,34.42,69.71
CLM-00121,2020-10-11,2020-10-20,2022-12-31,44.73,14.78,59.51
CLM-00121,2020-10-11,2020-10-20,2023-12-31,61.89,0.0,61.89
CLM-00122,2020-03-03,2020-03-06,2020-12-31,6.31,0.0,6.31
CLM-00122,2020-03-03,2020-03-06,2021-12-31,6.31,0.0,6.31
CLM-00122,2020-03-03,2020-03-06,2022-12-31,6.31,0.0,6.31
CLM-00122,2020-03-03,2020-03-06,2023-12-31,6.31,0.0,6.31
CLM-00123,2020-05-05,2020-05-05,2020-12-31,61.24,47.75,108.99
CLM-00123,2020-05-05,2020-05-05,2021-12-31,58.1,48.82,106.92
CLM-00123,2020-05-05,2020-05-05,2022-12-31,75.32,29.71,105.03
CLM-00123,2020-05-05,2020-05-05,2023-12-31,112.77,0.0,112.77
CLM-00124,2020-05-11,2020-06-04,2020-12-31,3.62,4.01,7.63
CLM-00124,2020-05-11,2020-06-04,2021-12-31,3.7,3.67,7.37
CLM-00124,2020-05-11,2020-06-04,2022-12-31,6.98,0.0,6.98
CLM-00124,2020-05-11,2020-06-04,2023-12-31,6.98,0.0,6.98
CLM-00125,2020-01-23,2020-02-23,2020-12-31,14.38,11.69,26.07
CLM-00125,2020-01-23,2020-02-23,2021-12-31,13.91,14.72,28.63
CLM-00125,2020-01-23,2020-02-23,2022-12-31,22.26,5.45,27.71
CLM-00125,2020-01-23,2020-02-23,2023-12-31,28.44,0.0,28.44
CLM-00126,2020-04-28,2020-05-06,2020-12-31,29.8,0.0,29.8
CLM-00126,2020-04-28,2020-05-06,2021-12-31,29.8,0.0,29.8
CLM-00126,2020-04-28,2020-05-06,2022-12-31,29.8,0.0,29.8
CLM-00126,2020-04-28,2020-05-06,2023-12-31,29.8,0.0,29.8
CLM-00127,2020-06-09,2020-07-06,2020-12-31,6.74,4.85,11.59
CLM-00127,2020-06-09,2020-07-06,2021-12-31,7.13,7.29,14.42
CLM-00127,2020-06-09,2020-07-06,2022-12-31,9.66,3.56,13.22
CLM-00127,2020-06-09,2020-07-06,2023-12-31,11.46,1.46,12.92
CLM-00128,2020-06-06,2020-06-20,2020-12-31,17.62,0.0,17.62
CLM-00128,2020-06-06,2020-06-20,2021-12-31,17.62,0.0,17.62
CLM-00128,2020-06-06,2020-06-20,2022-12-31,17.62,0.0,17.62
CLM-00128,2020-06-06,2020-06-20,2023-12-31,17.62,0.0,17.62
CLM-00129,2020-10-11,2020-11-05,2020-12-31,8.9,8.42,17.32
CLM-00129,2020-10-11,2020-11-05,2021-12-31,8.87,9.48,18.35
CLM-00129,2020-10-11,2020-11-05,2022-12-31,13.68,2.73,16.41
CLM-00129,2020-10-11,2020-11-05,2023-12-31,16.57,0.0,16.57
CLM-00130,2020-07-24,2020-08-04,2020-12-31,18.52,0.0,18.52
CLM-00130,2020-07-24,2020-08-04,2021-12-31,18.52,0.0,18.52
CLM-00130,2020-07-24,2020-08-04,2022-12-31,18.52,0.0,18.52
CLM-00130,2020-07-24,2020-08-04,2023-12-31,18.52,0.0,18.52
CLM-00131,2020-02-25,2020-03-02,2020-12-31,34.35,0.0,34.35
CLM-00131,2020-02-25,2020-03-02,2021-12-31,34.35,0.0,34.35
CLM-00131,2020-02-25,2020-03-02,2022-12-31,34.35,0.0,34.35
CLM-00131,2020-02-25,2020-03-02,2023-12-31,34.35,0.0,34.35
CLM-00132,2020-11-07,2020-12-03,2020-12-31,20.82,0.0,20.82
CLM-00132,2020-11-07,2020-12-03,2021-12-31,20.82,0.0,20.82
CLM-00132,2020-11-07,2020-12-03,2022-12-31,20.82,0.0,20.82
CLM-00132,2020-11-07,2020-12-03,2023-12-31,20.82,0.0,20.82
CLM-00133,2020-01-28,2020-02-05,2020-12-31,7.2,0.0,7.2
CLM-00133,2020-01-28,2020-02-05,2021-12-31,7.2,0.0,7.2
CLM-00133,2020-01-28,2020-02-05,2022-12-31,7.2,0.0,7.2
CLM-00133,2020-01-28,2020-02-05,2023-12-31,7.2,0.0,7.2
CLM-00134,2020-12-17,2021-01-04,2021-12-31,1.38,0.65,2.03
CLM-00134,2020-12-17,2021-01-04,2022-12-31,2.5,0.0,2.5
CLM-00134,2020-12-17,2021-01-04,2023-12-31,2.5,0.0,2.5
CLM-00135,2020-11-17,2020-12-14,2020-12-31,14.26,10.52,24.78
CLM-00135,2020-11-17,2020-12-14,2021-12-31,13.3,9.18,22.48
CLM-00135,2020-11-17,2020-12-14,2022-12-31,25.11,0.0,25.11
CLM-00135,2020-11-17,2020-12-14,2023-12-31,25.11,0.0,25.11
CLM-00136,2020-10-17,2020-10-31,2020-12-31,9.39,9.69,19.08
CLM-00136,2020-10-17,2020-10-31,2021-12-31,9.42,6.42,15.84
CLM-00136,2020-10-17,2020-10-31,2022-12-31,17.85,0.0,17.85
CLM-00136,2020-10-17,2020-10-31,2023-12-31,17.85,0.0,17.85
CLM-00137,2020-06-28,2020-06-30,2020-12-31,19.45,21.98,41.43
CLM-00137,2020-06-28,2020-06-30,2021-12-31,19.5,18.83,38.33
CLM-00137,2020-06-28,2020-06-30,2022-12-31,36.64,0.0,36.64
CLM-00137,2020-06-28,2020-06-30,2023-12-31,36.64,0.0,36.64
CLM-00138,2020-05-05,2020-05-14,2020-12-31,25.59,0.0,25.59
CLM-00138,2020-05-05,2020-05-14,2021-12-31,25.59,0.0,25.59
CLM-00138,2020-05-05,2020-05-14,2022-12-31,25.59,0.0,25.59
CLM-00138,2020-05-05,2020-05-14,2023-12-31,25.59,0.0,25.59
CLM-00139,2020-03-15,2020-03-20,2020-12-31,16.65,0.0,16.65
CLM-00139,2020-03-15,2020-03-20,2021-12-31,16.65,0.0,16.65
CLM-00139,2020-03-15,2020-03-20,2022-12-31,16.65,0.0,16.65
CLM-00139,2020-03-15,2020-03-20,2023-12-31,16.65,0.0,16.65
CLM-00140,2020-09-14,2020-09-18,2020-12-31,6.85,6.35,13.2
CLM-00140,2020-09-14,2020-09-18,2021-12-31,6.86,7.5,14.36
CLM-00140,2020-09-14,2020-09-18,2022-12-31,9.46,4.51,13.97
CLM-00140,2020-09-14,2020-09-18,2023-12-31,12.01,1.52,13.53
CLM-00141,2020-03-13,2020-03-15,2020-12-31,23.66,28.75,52.41
CLM-00141,2020-03-13,2020-03-15,2021-12-31,26.12,17.55,43.67
CLM-00141,2020-03-13,2020-03-15,2022-12-31,37.86,11.99,49.85
CLM-00141,2020-03-13,2020-03-15,2023-12-31,49.23,0.0,49.23
CLM-00142,2020-12-17,2020-12-24,2020-12-31,12.66,5.86,18.52
CLM-00142,2020-12-17,2020-12-24,2021-12-31,11.74,10.92,22.66
CLM-00142,2020-12-17,2020-12-24,2022-12-31,16.12,6.92,23.04
CLM-00142,2020-12-17,2020-12-24,2023-12-31,22.18,0.64,22.82
CLM-00143,2020-07-26,2020-08-25,2020-12-31,5.37,5.61,10.98
CLM-00143,2020-07-26,2020-08-25,2021-12-31,5.01,7.18,12.19
CLM-00143,2020-07-26,2020-08-25,2022-12-31,10.62,0.0,10.62
CLM-00143,2020-07-26,2020-08-25,2023-12-31,10.62,0.0,10.62
CLM-00144,2020-10-11,2020-11-20,2020-12-31,5.88,0.0,5.88
CLM-00144,2020-10-11,2020-11-20,2021-12-31,5.88,0.0,5.88
CLM-00144,2020-10-11,2020-11-20,2022-12-31,5.88,0.0,5.88
CLM-00144,2020-10-11,2020-11-20,2023-12-31,5.88,0.0,5.88
CLM-00145,2020-02-24,2020-03-08,2020-12-31,16.33,13.38,29.71
CLM-00145,2020-02-24,2020-03-08,2021-12-31,17.69,9.88,27.57
CLM-00145,2020-02-24,2020-03-08,2022-12-31,30.61,0.0,30.61
CLM-00145,2020-02-24,2020-03-08,2023-12-31,30.61,0.0,30.61
CLM-00146,2020-07-26,2020-07-31,2020-12-31,58.96,49.39,108.35
CLM-00146,2020-07-26,2020-07-31,2021-12-31,55.62,50.87,106.49
CLM-00146,2020-07-26,2020-07-31,2022-12-31,84.89,28.14,113.03
CLM-00146,2020-07-26,2020-07-31,2023-12-31,108.14,0.0,108.14
CLM-00147,2020-03-04,2020-03-16,2020-12-31,20.48,16.78,37.26
CLM-00147,2020-03-04,2020-03-16,2021-12-31,18.83,16.65,35.48
CLM-00147,2020-03-04,2020-03-16,2022-12-31,26.85,11.52,38.37
CLM-00147,2020-03-04,2020-03-16,2023-12-31,37.97,0.0,37.97
CLM-00148,2020-09-02,2020-09-10,2020-12-31,1.71,0.0,1.71
CLM-00148,2020-09-02,2020-09-10,2021-12-31,1.71,0.0,1.71
CLM-00148,2020-09-02,2020-09-10,2022-12-31,1.71,0.0,1.71
CLM-00148,2020-09-02,2020-09-10,2023-12-31,1.71,0.0,1.71
CLM-00149,2020-03-28,2020-05-08,2020-12-31,12.82,9.64,22.46
CLM-00149,2020-03-28,2020-05-08,2021-12-31,11.56,10.81,22.37
CLM-00149,2020-03-28,2020-05-08,2022-12-31,18.1,4.74,22.84
CLM-00149,2020-03-28,2020-05-08,2023-12-31,20.45,3.01,23.46
CLM-00150,2020-03-24,2020-04-06,2020-12-31,64.8,52.26,117.06
CLM-00150,2020-03-24,2020-04-06,2021-12-31,62.35,46.39,108.74
CLM-00150,2020-03-24,2020-04-06,2022-12-31,84.33,32.14,116.47
CLM-00150,2020-03-24,2020-04-06,2023-12-31,109.25,5.18,114.43
CLM-00151,2020-01-17,2020-02-21,2020-12-31,3.03,3.24,6.27
CLM-00151,2020-01-17,2020-02-21,2021-12-31,3.01,1.84,4.85
CLM-00151,2020-01-17,2020-02-21,2022-12-31,5.8,0.0,5.8
CLM-00151,2020-01-17,2020-02-21,2023-12-31,5.8,0.0,5.8
CLM-00152,2020-09-25,2020-09-25,2020-12-31,5.66,0.0,5.66
CLM-00152,2020-09-25,2020-09-25,2021-12-31,5.66,0.0,5.66
CLM-00152,2020-09-25,2020-09-25,2022-12-31,5.66,0.0,5.66
CLM-00152,2020-09-25,2020-09-25,2023-12-31,5.66,0.0,5.66
CLM-00153,2020-09-22,2020-10-10,2020-12-31,9.51,0.0,9.51
CLM-00153,2020-09-22,2020-10-10,2021-12-31,9.51,0.0,9.51
CLM-00153,2020-09-22,2020-10-10,2022-12-31,9.51,0.0,9.51
CLM-00153,2020-09-22,2020-10-10,2023-12-31,9.51,0.0,9.51
CLM-00154,2020-10-04,2020-10-08,2020-12-31,5.64,4.51,10.15
CLM-00154,2020-10-04,2020-10-08,2021-12-31,5.83,4.31,10.14
CLM-00154,2020-10-04,2020-10-08,2022-12-31,8.8,1.84,10.64
CLM-00154,2020-10-04,2020-10-08,2023-12-31,11.04,0.0,11.04
CLM-00155,2020-04-11,2020-04-27,2020-12-31,12.62,7.56,20.18
CLM-00155,2020-04-11,2020-04-27,2021-12-31,12.28,14.8,27.08
CLM-00155,2020-04-11,2020-04-27,2022-12-31,23.67,0.0,23.67
CLM-00155,2020-04-11,2020-04-27,2023-12-31,23.67,0.0,23.67
CLM-00156,2020-03-28,2020-04-15,2020-12-31,17.72,20.1,37.82
CLM-00156,2020-03-28,2020-04-15,2021-12-31,18.66,22.2,40.86
CLM-00156,2020-03-28,2020-04-15,2022-12-31,37.21,0.0,37.21
CLM-00156,2020-03-28,2020-04-15,2023-12-31,37.21,0.0,37.21
CLM-00157,2020-08-15,2020-10-24,2020-12-31,7.67,8.6,16.27
CLM-00157,2020-08-15,2020-10-24,2021-12-31,8.31,6.59,14.9
CLM-00157,2020-08-15,2020-10-24,2022-12-31,10.37,5.14,15.51
CLM-00157,2020-08-15,2020-10-24,2023-12-31,14.09,1.03,15.12
CLM-00158,2020-12-30,2021-01-27,2021-12-31,7.16,0.0,7.16
CLM-00158,2020-12-30,2021-01-27,2022-12-31,7.16,0.0,7.16
CLM-00158,2020-12-30,2021-01-27,2023-12-31,7.16,0.0,7.16
CLM-00159,2020-10-08,2020-11-17,2020-12-31,7.76,6.88,14.64
CLM-00159,2020-10-08,2020-11-17,2021-12-31,8.19,6.33,14.52
CLM-00159,2020-10-08,2020-11-17,2022-12-31,14.75,0.0,14.75
CLM-00159,2020-10-08,2020-11-17,2023-12-31,14.75,0.0,14.75
CLM-00160,2020-12-29,2020-12-30,2020-12-31,24.94,0.0,24.94
CLM-00160,2020-12-29,2020-12-30,2021-12-31,24.94,0.0,24.94
CLM-00160,2020-12-29,2020-12-30,2022-12-31,24.94,0.0,24.94
CLM-00160,2020-12-29,2020-12-30,2023-12-31,24.94,0.0,24.94
CLM-00161,2020-01-02,2020-01-04,2020-12-31,17.39,15.34,32.73
CLM-00161,2020-01-02,2020-01-04,2021-12-31,17.64,14.08,31.72
CLM-00161,2020-01-02,2020-01-04,2022-12-31,24.45,7.94,32.39
CLM-00161,2020-01-02,2020-01-04,2023-12-31,33.69,0.0,33.69
CLM-00162,2020-09-05,2020-09-26,2020-12-31,9.91,10.82,20.73
CLM-00162,2020-09-05,2020-09-26,2021-12-31,10.64,10.56,21.2
CLM-00162,2020-09-05,2020-09-26,2022-12-31,20.69,0.0,20.69
CLM-00162,2020-09-05,2020-09-26,2023-12-31,20.69,0.0,20.69
CLM-00163,2020-11-02,2020-11-02,2020-12-31,21.89,22.98,44.87
CLM-00163,2020-11-02,2020-11-02,2021-12-31,21.36,21.68,43.04
CLM-00163,2020-11-02,2020-11-02,2022-12-31,30.75,10.45,41.2
CLM-00163,2020-11-02,2020-11-02,2023-12-31,34.61,4.4,39.01
CLM-00164,2020-03-18,2020-03-23,2020-12-31,8.26,0.0,8.26
CLM-00164,2020-03-18,2020-03-23,2021-12-31,8.26,0.0,8.26
CLM-00164,2020-03-18,2020-03-23,2022-12-31,8.26,0.0,8.26
CLM-00164,2020-03-18,2020-03-23,2023-12-31,8.26,0.0,8.26
CLM-00165,2020-02-19,2020-02-25,2020-12-31,13.18,8.66,21.84
CLM-00165,2020-02-19,2020-02-25,2021-12-31,12.18,13.23,25.41
CLM-00165,2020-02-19,2020-02-25,2022-12-31,19.23,3.35,22.58
CLM-00165,2020-02-19,2020-02-25,2023-12-31,21.04,2.95,23.99
CLM-00166,2020-12-24,2020-12-25,2020-12-31,10.84,10.86,21.7
CLM-00166,2020-12-24,2020-12-25,2021-12-31,10.91,10.27,21.18
CLM-00166,2020-12-24,2020-12-25,2022-12-31,16.43,4.33,20.76
CLM-00166,2020-12-24,2020-12-25,2023-12-31,19.85,2.01,21.86
CLM-00167,2020-05-27,2020-05-29,2020-12-31,9.89,0.0,9.89
CLM-00167,2020-05-27,2020-05-29,2021-12-31,9.89,0.0,9.89
CLM-00167,2020-05-27,2020-05-29,2022-12-31,9.89,0.0,9.89
CLM-00167,2020-05-27,2020-05-29,2023-12-31,9.89,0.0,9.89
CLM-00168,2020-11-05,2020-11-18,2020-12-31,2.79,0.0,2.79
CLM-00168,2020-11-05,2020-11-18,2021-12-31,2.79,0.0,2.79
CLM-00168,2020-11-05,2020-11-18,2022-12-31,2.79,0.0,2.79
CLM-00168,2020-11-05,2020-11-18,2023-12-31,2.79,0.0,2.79
CLM-00169,2020-07-15,2020-07-16,2020-12-31,10.8,13.74,24.54
CLM-00169,2020-07-15,2020-07-16,2021-12-31,11.86,10.6,22.46
CLM-00169,2020-07-15,2020-07-16,2022-12-31,16.26,7.02,23.28
CLM-00169,2020-07-15,2020-07-16,2023-12-31,18.24,4.99,23.23
CLM-00170,2020-10-04,2020-10-09,2020-12-31,10.44,8.3,18.74
CLM-00170,2020-10-04,2020-10-09,2021-12-31,9.52,8.73,18.25
CLM-00170,2020-10-04,2020-10-09,2022-12-31,18.97,0.0,18.97
CLM-00170,2020-10-04,2020-10-09,2023-12-31,18.97,0.0,18.97
CLM-00171,2020-04-15,2020-04-20,2020-12-31,2.46,3.04,5.5
CLM-00171,2020-04-15,2020-04-20,2021-12-31,2.72,3.35,6.07
CLM-00171,2020-04-15,2020-04-20,2022-12-31,5.19,0.0,5.19
CLM-00171,2020-04-15,2020-04-20,2023-12-31,5.19,0.0,5.19
CLM-00172,2020-09-04,2020-09-18,2020-12-31,47.14,0.0,47.14
CLM-00172,2020-09-04,2020-09-18,2021-12-31,47.14,0.0,47.14
CLM-00172,2020-09-04,2020-09-18,2022-12-31,47.14,0.0,47.14
CLM-00172,2020-09-04,2020-09-18,2023-12-31,47.14,0.0,47.14
CLM-00173,2020-08-07,2020-08-19,2020-12-31,10.41,7.46,17.87
CLM-00173,2020-08-07,2020-08-19,2021-12-31,11.05,9.7,20.75
CLM-00173,2020-08-07,2020-08-19,2022-12-31,20.25,0.0,20.25
CLM-00173,2020-08-07,2020-08-19,2023-12-31,20.25,0.0,20.25
CLM-00174,2020-05-19,2020-06-05,2020-12-31,8.0,0.0,8.0
CLM-00174,2020-05-19,2020-06-05,2021-12-31,8.0,0.0,8.0
CLM-00174,2020-05-19,2020-06-05,2022-12-31,8.0,0.0,8.0
CLM-00174,2020-05-19,2020-06-05,2023-12-31,8.0,0.0,8.0
CLM-00175,2020-09-30,2020-10-22,2020-12-31,36.54,0.0,36.54
CLM-00175,2020-09-30,2020-10-22,2021-12-31,36.54,0.0,36.54
CLM-00175,2020-09-30,2020-10-22,2022-12-31,36.54,0.0,36.54
CLM-00175,2020-09-30,2020-10-22,2023-12-31,36.54,0.0,36.54
CLM-00176,2020-01-12,2020-01-15,2020-12-31,12.52,0.0,12.52
CLM-00176,2020-01-12,2020-01-15,2021-12-31,12.52,0.0,12.52
CLM-00176,2020-01-12,2020-01-15,2022-12-31,12.52,0.0,12.52
CLM-00176,2020-01-12,2020-01-15,2023-12-31,12.52,0.0,12.52
CLM-00177,2020-02-09,2020-03-09,2020-12-31,11.17,11.22,22.39
CLM-00177,2020-02-09,2020-03-09,2021-12-31,12.01,9.72,21.73
CLM-00177,2020-02-09,2020-03-09,2022-12-31,21.97,0.0,21.97
CLM-00177,2020-02-09,2020-03-09,2023-12-31,21.97,0.0,21.97
CLM-00178,2020-08-19,2020-09-03,2020-12-31,8.69,7.22,15.91
CLM-00178,2020-08-19,2020-09-03,2021-12-31,8.4,8.95,17.35
CLM-00178,2020-08-19,2020-09-03,2022-12-31,11.93,5.4,17.33
CLM-00178,2020-08-19,2020-09-03,2023-12-31,14.05,2.3,16.35
CLM-00179,2020-01-23,2020-01-24,2020-12-31,9.95,9.81,19.76
CLM-00179,2020-01-23,2020-01-24,2021-12-31,10.24,9.28,19.52
CLM-00179,2020-01-23,2020-01-24,2022-12-31,15.11,4.39,19.5
CLM-00179,2020-01-23,2020-01-24,2023-12-31,19.65,0.0,19.65
CLM-00180,2020-12-27,2021-01-21,2021-12-31,19.46,16.07,35.53
CLM-00180,2020-12-27,2021-01-21,2022-12-31,37.78,0.0,37.78
CLM-00180,2020-12-27,2021-01-21,2023-12-31,37.78,0.0,37.78
CLM-00181,2020-10-02,2020-10-14,2020-12-31,3.18,2.9,6.08
CLM-00181,2020-10-02,2020-10-14,2021-12-31,3.36,2.78,6.14
CLM-00181,2020-10-02,2020-10-14,2022-12-31,6.36,0.0,6.36
CLM-00181,2020-10-02,2020-10-14,2023-12-31,6.36,0.0,6.36
CLM-00182,2020-03-30,2020-04-20,2020-12-31,5.9,5.31,11.21
CLM-00182,2020-03-30,2020-04-20,2021-12-31,6.07,6.27,12.34
CLM-00182,2020-03-30,2020-04-20,2022-12-31,10.75,0.0,10.75
CLM-00182,2020-03-30,2020-04-20,2023-12-31,10.75,0.0,10.75
CLM-00183,2020-04-29,2020-06-20,2020-12-31,10.98,0.0,10.98
CLM-00183,2020-04-29,2020-06-20,2021-12-31,10.98,0.0,10.98
CLM-00183,2020-04-29,2020-06-20,2022-12-31,10.98,0.0,10.98
CLM-00183,2020-04-29,2020-06-20,2023-12-31,10.98,0.0,10.98
CLM-00184,2020-09-10,2020-09-26,2020-12-31,88.06,78.28,166.34
CLM-00184,2020-09-10,2020-09-26,2021-12-31,89.78,66.27,156.05
CLM-00184,2020-09-10,2020-09-26,2022-12-31,143.76,33.02,176.78
CLM-00184,2020-09-10,2020-09-26,2023-12-31,172.03,0.0,172.03
CLM-00185,2020-12-05,2020-12-18,2020-12-31,4.01,3.45,7.46
CLM-00185,2020-12-05,2020-12-18,2021-12-31,3.38,3.44,6.82
CLM-00185,2020-12-05,2020-12-18,2022-12-31,7.41,0.0,7.41
CLM-00185,2020-12-05,2020-12-18,2023-12-31,7.41,0.0,7.41
CLM-00186,2020-06-28,2020-07-14,2020-12-31,5.09,0.0,5.09
CLM-00186,2020-06-28,2020-07-14,2021-12-31,5.09,0.0,5.09
CLM-00186,2020-06-28,2020-07-14,2022-12-31,5.09,0.0,5.09
CLM-00186,2020-06-28,2020-07-14,2023-12-31,5.09,0.0,5.09
CLM-00187,2020-05-13,2020-05-22,2020-12-31,7.23,6.21,13.44
CLM-00187,2020-05-13,2020-05-22,2021-12-31,7.12,6.85,13.97
CLM-00187,2020-05-13,2020-05-22,2022-12-31,14.01,0.0,14.01
CLM-00187,2020-05-13,2020-05-22,2023-12-31,14.01,0.0,14.01
CLM-00188,2020-10-07,2020-10-21,2020-12-31,19.57,0.0,19.57
CLM-00188,2020-10-07,2020-10-21,2021-12-31,19.57,0.0,19.57
CLM-00188,2020-10-07,2020-10-21,2022-12-31,19.57,0.0,19.57
CLM-00188,2020-10-07,2020-10-21,2023-12-31,19.57,0.0,19.57
CLM-00189,2020-05-11,2020-05-19,2020-12-31,22.62,0.0,22.62
CLM-00189,2020-05-11,2020-05-19,2021-12-31,22.62,0.0,22.62
CLM-00189,2020-05-11,2020-05-19,2022-12-31,22.62,0.0,22.62
CLM-00189,2020-05-11,2020-05-19,2023-12-31,22.62,0.0,22.62
CLM-00190,2021-12-30,2022-01-19,2022-12-31,33.63,0.0,33.63
CLM-00190,2021-12-30,2022-01-19,2023-12-31,33.63,0.0,33.63
CLM-00191,2021-03-23,2021-03-25,2021-12-31,32.52,34.17,66.69
CLM-00191,2021-03-23,2021-03-25,2022-12-31,32.98,25.2,58.18
CLM-00191,2021-03-23,2021-03-25,2023-12-31,49.71,14.72,64.43
CLM-00192,2021-04-21,2021-04-30,2021-12-31,12.1,8.27,20.37
CLM-00192,2021-04-21,2021-04-30,2022-12-31,10.93,10.75,21.68
CLM-00192,2021-04-21,2021-04-30,2023-12-31,21.66,0.0,21.66
CLM-00193,2021-07-13,2021-07-19,2021-12-31,1.75,1.71,3.46
CLM-00193,2021-07-13,2021-07-19,2022-12-31,1.91,1.49,3.4
CLM-00193,2021-07-13,2021-07-19,2023-12-31,3.56,0.0,3.56
CLM-00194,2021-11-06,2021-11-09,2021-12-31,31.12,0.0,31.12
CLM-00194,2021-11-06,2021-11-09,2022-12-31,31.12,0.0,31.12
CLM-00194,2021-11-06,2021-11-09,2023-12-31,31.12,0.0,31.12
CLM-00195,2021-02-07,2021-02-28,2021-12-31,17.1,15.7,32.8
CLM-00195,2021-02-07,2021-02-28,2022-12-31,16.2,14.85,31.05
CLM-00195,2021-02-07,2021-02-28,2023-12-31,30.71,0.0,30.71
CLM-00196,2021-02-26,2021-03-05,2021-12-31,13.51,0.0,13.51
CLM-00196,2021-02-26,2021-03-05,2022-12-31,13.51,0.0,13.51
CLM-00196,2021-02-26,2021-03-05,2023-12-31,13.51,0.0,13.51
CLM-00197,2021-03-13,2021-04-03,2021-12-31,4.21,0.0,4.21
CLM-00197,2021-03-13,2021-04-03,2022-12-31,4.21,0.0,4.21
CLM-00197,2021-03-13,2021-04-03,2023-12-31,4.21,0.0,4.21
CLM-00198,2021-08-07,2021-08-09,2021-12-31,29.63,18.91,48.54
CLM-00198,2021-08-07,2021-08-09,2022-12-31,29.87,22.54,52.41
CLM-00198,2021-08-07,2021-08-09,2023-12-31,44.09,9.65,53.74
CLM-00199,2021-03-22,2021-03-26,2021-12-31,4.5,5.0,9.5
CLM-00199,2021-03-22,2021-03-26,2022-12-31,4.9,3.69,8.59
CLM-00199,2021-03-22,2021-03-26,2023-12-31,9.71,0.0,9.71
CLM-00200,2021-09-17,2021-09-18,2021-12-31,4.21,3.79,8.0
CLM-00200,2021-09-17,2021-09-18,2022-12-31,3.97,4.07,8.04
CLM-00200,2021-09-17,2021-09-18,2023-12-31,5.58,2.12,7.7
CLM-00201,2021-11-14,2021-11-22,2021-12-31,13.73,13.02,26.75
CLM-00201,2021-11-14,2021-11-22,2022-12-31,11.44,16.86,28.3
CLM-00201,2021-11-14,2021-11-22,2023-12-31,16.81,8.11,24.92
CLM-00202,2021-10-05,2021-10-08,2021-12-31,6.93,8.27,15.2
CLM-00202,2021-10-05,2021-10-08,2022-12-31,6.63,8.74,15.37
CLM-00202,2021-10-05,2021-10-08,2023-12-31,10.83,2.69,13.52
CLM-00203,2021-12-04,2021-12-11,2021-12-31,36.34,0.0,36.34
CLM-00203,2021-12-04,2021-12-11,2022-12-31,36.34,0.0,36.34
CLM-00203,2021-12-04,2021-12-11,2023-12-31,36.34,0.0,36.34
CLM-00204,2021-12-19,2021-12-23,2021-12-31,3.2,2.45,5.65
CLM-00204,2021-12-19,2021-12-23,2022-12-31,3.1,2.7,5.8
CLM-00204,2021-12-19,2021-12-23,2023-12-31,6.17,0.0,6.17
CLM-00205,2021-02-15,2021-03-03,2021-12-31,3.18,0.0,3.18
CLM-00205,2021-02-15,2021-03-03,2022-12-31,3.18,0.0,3.18
CLM-00205,2021-02-15,2021-03-03,2023-12-31,3.18,0.0,3.18
CLM-00206,2021-04-04,2021-04-08,2021-12-31,47.42,31.3,78.72
CLM-00206,2021-04-04,2021-04-08,2022-12-31,45.31,46.23,91.54
CLM-00206,2021-04-04,2021-04-08,2023-12-31,65.82,27.58,93.4
CLM-00207,2021-10-19,2021-11-29,2021-12-31,5.72,5.42,11.14
CLM-00207,2021-10-19,2021-11-29,2022-12-31,5.84,4.92,10.76
CLM-00207,2021-10-19,2021-11-29,2023-12-31,8.97,2.49,11.46
CLM-00208,2021-12-13,2021-12-20,2021-12-31,6.62,5.97,12.59
CLM-00208,2021-12-13,2021-12-20,2022-12-31,6.73,7.72,14.45
CLM-00208,2021-12-13,2021-12-20,2023-12-31,12.88,0.0,12.88
CLM-00209,2021-04-30,2021-05-04,2021-12-31,21.62,0.0,21.62
CLM-00209,2021-04-30,2021-05-04,2022-12-31,21.62,0.0,21.62
CLM-00209,2021-04-30,2021-05-04,2023-12-31,21.62,0.0,21.62
CLM-00210,2021-08-26,2021-08-27,2021-12-31,7.62,7.46,15.08
CLM-00210,2021-08-26,2021-08-27,2022-12-31,7.43,6.53,13.96
CLM-00210,2021-08-26,2021-08-27,2023-12-31,14.86,0.0,14.86
CLM-00211,2021-02-05,2021-03-01,2021-12-31,11.42,11.06,22.48
CLM-00211,2021-02-05,2021-03-01,2022-12-31,11.55,10.18,21.73
CLM-00211,2021-02-05,2021-03-01,2023-12-31,21.87,0.0,21.87
CLM-00212,2021-10-12,2021-10-20,2021-12-31,5.62,3.99,9.61
CLM-00212,2021-10-12,2021-10-20,2022-12-31,5.86,4.74,10.6
CLM-00212,2021-10-12,2021-10-20,2023-12-31,10.67,0.0,10.67
CLM-00213,2021-02-07,2021-02-11,2021-12-31,3.55,3.06,6.61
CLM-00213,2021-02-07,2021-02-11,2022-12-31,3.71,2.97,6.68
CLM-00213,2021-02-07,2021-02-11,2023-12-31,5.08,1.38,6.46
CLM-00214,2021-11-03,2021-11-22,2021-12-31,13.29,13.58,26.87
CLM-00214,2021-11-03,2021-11-22,2022-12-31,13.79,10.26,24.05
CLM-00214,2021-11-03,2021-11-22,2023-12-31,26.61,0.0,26.61
CLM-00215,2021-02-16,2021-03-09,2021-12-31,11.87,8.84,20.71
CLM-00215,2021-02-16,2021-03-09,2022-12-31,11.51,9.32,20.83
CLM-00215,2021-02-16,2021-03-09,2023-12-31,21.42,0.0,21.42
CLM-00216,2021-04-12,2021-04-20,2021-12-31,12.55,0.0,12.55
CLM-00216,2021-04-12,2021-04-20,2022-12-31,12.55,0.0,12.55
CLM-00216,2021-04-12,2021-04-20,2023-12-31,12.55,0.0,12.55
CLM-00217,2021-05-26,2021-06-01,2021-12-31,9.87,0.0,9.87
CLM-00217,2021-05-26,2021-06-01,2022-12-31,9.87,0.0,9.87
CLM-00217,2021-05-26,2021-06-01,2023-12-31,9.87,0.0,9.87
CLM-00218,2021-05-07,2021-05-09,2021-12-31,6.82,0.0,6.82
CLM-00218,2021-05-07,2021-05-09,2022-12-31,6.82,0.0,6.82
CLM-00218,2021-05-07,2021-05-09,2023-12-31,6.82,0.0,6.82
CLM-00219,2021-11-26,2022-01-14,2022-12-31,5.41,7.31,12.72
CLM-00219,2021-11-26,2022-01-14,2023-12-31,8.76,2.6,11.36
CLM-00220,2021-12-08,2021-12-19,2021-12-31,8.22,8.22,16.44
CLM-00220,2021-12-08,2021-12-19,2022-12-31,8.15,7.29,15.44
CLM-00220,2021-12-08,2021-12-19,2023-12-31,15.83,0.0,15.83
CLM-00221,2021-10-04,2021-10-09,2021-12-31,19.01,0.0,19.01
CLM-00221,2021-10-04,2021-10-09,2022-12-31,19.01,0.0,19.01
CLM-00221,2021-10-04,2021-10-09,2023-12-31,19.01,0.0,19.01
CLM-00222,2021-03-29,2021-04-05,2021-12-31,25.17,0.0,25.17
CLM-00222,2021-03-29,2021-04-05,2022-12-31,25.17,0.0,25.17
CLM-00222,2021-03-29,2021-04-05,2023-12-31,25.17,0.0,25.17
CLM-00223,2021-05-08,2021-06-29,2021-12-31,6.65,6.02,12.67
CLM-00223,2021-05-08,2021-06-29,2022-12-31,6.7,5.91,12.61
CLM-00223,2021-05-08,2021-06-29,2023-12-31,12.5,0.0,12.5
CLM-00224,2021-12-04,2021-12-15,2021-12-31,16.99,12.43,29.42
CLM-00224,2021-12-04,2021-12-15,2022-12-31,19.07,15.56,34.63
CLM-00224,2021-12-04,2021-12-15,2023-12-31,34.05,0.0,34.05
CLM-00225,2021-04-11,2021-04-12,2021-12-31,8.08,5.44,13.52
CLM-00225,2021-04-11,2021-04-12,2022-12-31,7.25,7.51,14.76
CLM-00225,2021-04-11,2021-04-12,2023-12-31,11.41,3.35,14.76
CLM-00226,2021-08-27,2021-08-29,2021-12-31,10.93,10.47,21.4
CLM-00226,2021-08-27,2021-08-29,2022-12-31,11.14,10.49,21.63
CLM-00226,2021-08-27,2021-08-29,2023-12-31,21.3,0.0,21.3
CLM-00227,2021-10-03,2021-10-06,2021-12-31,9.51,0.0,9.51
CLM-00227,2021-10-03,2021-10-06,2022-12-31,9.51,0.0,9.51
CLM-00227,2021-10-03,2021-10-06,2023-12-31,9.51,0.0,9.51
CLM-00228,2021-04-30,2021-05-18,2021-12-31,13.31,16.44,29.75
CLM-00228,2021-04-30,2021-05-18,2022-12-31,13.0,13.09,26.09
CLM-00228,2021-04-30,2021-05-18,2023-12-31,18.84,6.29,25.13
CLM-00229,2021-12-04,2021-12-05,2021-12-31,12.14,10.76,22.9
CLM-00229,2021-12-04,2021-12-05,2022-12-31,13.85,10.18,24.03
CLM-00229,2021-12-04,2021-12-05,2023-12-31,23.46,0.0,23.46
CLM-00230,2021-07-11,2021-07-14,2021-12-31,4.36,4.27,8.63
CLM-00230,2021-07-11,2021-07-14,2022-12-31,4.43,4.57,9.0
CLM-00230,2021-07-11,2021-07-14,2023-12-31,8.55,0.0,8.55
CLM-00231,2021-05-26,2021-06-19,2021-12-31,14.66,16.23,30.89
CLM-00231,2021-05-26,2021-06-19,2022-12-31,14.71,13.53,28.24
CLM-00231,2021-05-26,2021-06-19,2023-12-31,29.39,0.0,29.39
CLM-00232,2021-12-08,2021-12-22,2021-12-31,16.67,19.2,35.87
CLM-00232,2021-12-08,2021-12-22,2022-12-31,14.35,14.07,28.42
CLM-00232,2021-12-08,2021-12-22,2023-12-31,22.52,6.67,29.19
CLM-00233,2021-09-06,2021-09-29,2021-12-31,3.58,3.53,7.11
CLM-00233,2021-09-06,2021-09-29,2022-12-31,3.66,3.5,7.16
CLM-00233,2021-09-06,2021-09-29,2023-12-31,6.87,0.0,6.87
CLM-00234,2021-06-14,2021-06-20,2021-12-31,21.92,0.0,21.92
CLM-00234,2021-06-14,2021-06-20,2022-12-31,21.92,0.0,21.92
CLM-00234,2021-06-14,2021-06-20,2023-12-31,21.92,0.0,21.92
CLM-00235,2021-06-27,2021-07-03,2021-12-31,48.94,36.02,84.96
CLM-00235,2021-06-27,2021-07-03,2022-12-31,44.86,46.2,91.06
CLM-00235,2021-06-27,2021-07-03,2023-12-31,70.53,14.63,85.16
CLM-00236,2021-02-19,2021-02-25,2021-12-31,9.17,8.46,17.63
CLM-00236,2021-02-19,2021-02-25,2022-12-31,9.47,9.03,18.5
CLM-00236,2021-02-19,2021-02-25,2023-12-31,18.38,0.0,18.38
CLM-00237,2021-04-07,2021-05-13,2021-12-31,6.76,5.48,12.24
CLM-00237,2021-04-07,2021-05-13,2022-12-31,6.82,6.65,13.47
CLM-00237,2021-04-07,2021-05-13,2023-12-31,10.34,2.89,13.23
CLM-00238,2021-12-18,2021-12-30,2021-12-31,9.51,8.01,17.52
CLM-00238,2021-12-18,2021-12-30,2022-12-31,8.85,9.66,18.51
CLM-00238,2021-12-18,2021-12-30,2023-12-31,13.61,4.83,18.44
CLM-00239,2021-08-04,2021-09-25,2021-12-31,11.73,13.53,25.26
CLM-00239,2021-08-04,2021-09-25,2022-12-31,11.56,11.11,22.67
CLM-00239,2021-08-04,2021-09-25,2023-12-31,21.92,0.0,21.92
CLM-00240,2021-11-03,2021-11-07,2021-12-31,31.77,32.51,64.28
CLM-00240,2021-11-03,2021-11-07,2022-12-31,33.37,26.89,60.26
CLM-00240,2021-11-03,2021-11-07,2023-12-31,48.88,18.46,67.34
CLM-00241,2021-03-02,2021-03-09,2021-12-31,38.63,0.0,38.63
CLM-00241,2021-03-02,2021-03-09,2022-12-31,38.63,0.0,38.63
CLM-00241,2021-03-02,2021-03-09,2023-12-31,38.63,0.0,38.63
CLM-00242,2021-09-15,2021-09-15,2021-12-31,23.91,24.53,48.44
CLM-00242,2021-09-15,2021-09-15,2022-12-31,21.15,28.91,50.06
CLM-00242,2021-09-15,2021-09-15,2023-12-31,33.46,13.35,46.81
CLM-00243,2021-07-23,2021-08-18,2021-12-31,14.11,14.42,28.53
CLM-00243,2021-07-23,2021-08-18,2022-12-31,14.54,14.68,29.22
CLM-00243,2021-07-23,2021-08-18,2023-12-31,22.6,6.15,28.75
CLM-00244,2021-06-06,2021-08-02,2021-12-31,2.2,1.63,3.83
CLM-00244,2021-06-06,2021-08-02,2022-12-31,2.23,2.18,4.41
CLM-00244,2021-06-06,2021-08-02,2023-12-31,3.22,0.5,3.72
CLM-00245,2021-05-01,2021-05-04,2021-12-31,6.48,5.27,11.75
CLM-00245,2021-05-01,2021-05-04,2022-12-31,6.44,5.52,11.96
CLM-00245,2021-05-01,2021-05-04,2023-12-31,11.74,0.0,11.74
CLM-00246,2021-03-18,2021-04-15,2021-12-31,17.31,11.02,28.33
CLM-00246,2021-03-18,2021-04-15,2022-12-31,16.88,17.42,34.3
CLM-00246,2021-03-18,2021-04-15,2023-12-31,31.75,0.0,31.75
CLM-00247,2021-12-12,2022-01-13,2022-12-31,19.11,17.62,36.73
CLM-00247,2021-12-12,2022-01-13,2023-12-31,28.95,8.55,37.5
CLM-00248,2021-04-15,2021-05-13,2021-12-31,1.99,0.0,1.99
CLM-00248,2021-04-15,2021-05-13,2022-12-31,1.99,0.0,1.99
CLM-00248,2021-04-15,2021-05-13,2023-12-31,1.99,0.0,1.99
CLM-00249,2021-01-11,2021-01-27,2021-12-31,11.81,12.76,24.57
CLM-00249,2021-01-11,2021-01-27,2022-12-31,11.68,11.52,23.2
CLM-00249,2021-01-11,2021-01-27,2023-12-31,17.56,4.63,22.19
CLM-00250,2021-07-02,2021-07-20,2021-12-31,57.65,60.54,118.19
CLM-00250,2021-07-02,2021-07-20,2022-12-31,59.68,48.99,108.67
CLM-00250,2021-07-02,2021-07-20,2023-12-31,73.64,37.65,111.29
CLM-00251,2021-10-21,2021-10-25,2021-12-31,10.33,8.04,18.37
CLM-00251,2021-10-21,2021-10-25,2022-12-31,10.96,9.8,20.76
CLM-00251,2021-10-21,2021-10-25,2023-12-31,15.63,5.25,20.88
CLM-00252,2021-11-14,2022-01-05,2022-12-31,19.2,19.83,39.03
CLM-00252,2021-11-14,2022-01-05,2023-12-31,27.02,5.82,32.84
CLM-00253,2021-07-24,2021-08-02,2021-12-31,8.37,0.0,8.37
CLM-00253,2021-07-24,2021-08-02,2022-12-31,8.37,0.0,8.37
CLM-00253,2021-07-24,2021-08-02,2023-12-31,8.37,0.0,8.37
CLM-00254,2021-01-04,2021-01-19,2021-12-31,15.69,11.67,27.36
CLM-00254,2021-01-04,2021-01-19,2022-12-31,13.84,16.4,30.24
CLM-00254,2021-01-04,2021-01-19,2023-12-31,23.38,7.68,31.06
CLM-00255,2021-07-14,2021-08-04,2021-12-31,8.18,0.0,8.18
CLM-00255,2021-07-14,2021-08-04,2022-12-31,8.18,0.0,8.18
CLM-00255,2021-07-14,2021-08-04,2023-12-31,8.18,0.0,8.18
CLM-00256,2021-12-06,2021-12-09,2021-12-31,13.33,0.0,13.33
CLM-00256,2021-12-06,2021-12-09,2022-12-31,13.33,0.0,13.33
CLM-00256,2021-12-06,2021-12-09,2023-12-31,13.33,0.0,13.33
CLM-00257,2021-10-01,2021-10-03,2021-12-31,7.29,5.72,13.01
CLM-00257,2021-10-01,2021-10-03,2022-12-31,7.13,6.46,13.59
CLM-00257,2021-10-01,2021-10-03,2023-12-31,10.39,3.68,14.07
CLM-00258,2021-10-06,2021-11-24,2021-12-31,6.06,4.52,10.58
CLM-00258,2021-10-06,2021-11-24,2022-12-31,6.46,6.5,12.96
CLM-00258,2021-10-06,2021-11-24,2023-12-31,9.23,1.97,11.2
CLM-00259,2021-07-01,2021-07-20,2021-12-31,11.4,11.08,22.48
CLM-00259,2021-07-01,2021-07-20,2022-12-31,11.99,10.19,22.18
CLM-00259,2021-07-01,2021-07-20,2023-12-31,23.27,0.0,23.27
CLM-00260,2021-02-28,2021-04-15,2021-12-31,19.98,17.25,37.23
CLM-00260,2021-02-28,2021-04-15,2022-12-31,19.0,21.72,40.72
CLM-00260,2021-02-28,2021-04-15,2023-12-31,39.81,0.0,39.81
CLM-00261,2021-12-22,2022-01-14,2022-12-31,8.84,0.0,8.84
CLM-00261,2021-12-22,2022-01-14,2023-12-31,8.84,0.0,8.84
CLM-00262,2021-11-14,2021-12-08,2021-12-31,27.1,29.18,56.28
CLM-00262,2021-11-14,2021-12-08,2022-12-31,24.73,20.96,45.69
CLM-00262,2021-11-14,2021-12-08,2023-12-31,40.85,15.97,56.82
CLM-00263,2021-05-01,2021-05-04,2021-12-31,22.74,22.22,44.96
CLM-00263,2021-05-01,2021-05-04,2022-12-31,25.54,15.03,40.57
CLM-00263,2021-05-01,2021-05-04,2023-12-31,45.02,0.0,45.02
CLM-00264,2021-01-19,2021-01-29,2021-12-31,9.77,8.49,18.26
CLM-00264,2021-01-19,2021-01-29,2022-12-31,10.4,10.72,21.12
CLM-00264,2021-01-19,2021-01-29,2023-12-31,15.09,4.69,19.78
CLM-00265,2021-08-25,2021-09-07,2021-12-31,19.3,12.78,32.08
CLM-00265,2021-08-25,2021-09-07,2022-12-31,16.69,18.01,34.7
CLM-00265,2021-08-25,2021-09-07,2023-12-31,26.32,6.0,32.32
CLM-00266,2021-07-10,2021-07-11,2021-12-31,14.27,13.93,28.2
CLM-00266,2021-07-10,2021-07-11,2022-12-31,15.3,11.57,26.87
CLM-00266,2021-07-10,2021-07-11,2023-12-31,19.59,6.01,25.6
CLM-00267,2021-09-13,2021-11-15,2021-12-31,16.06,0.0,16.06
CLM-00267,2021-09-13,2021-11-15,2022-12-31,16.06,0.0,16.06
CLM-00267,2021-09-13,2021-11-15,2023-12-31,16.06,0.0,16.06
CLM-00268,2021-03-26,2021-04-05,2021-12-31,15.68,14.19,29.87
CLM-00268,2021-03-26,2021-04-05,2022-12-31,16.31,15.82,32.13
CLM-00268,2021-03-26,2021-04-05,2023-12-31,30.86,0.0,30.86
CLM-00269,2021-04-03,2021-05-24,2021-12-31,11.04,13.35,24.39
CLM-00269,2021-04-03,2021-05-24,2022-12-31,10.7,11.18,21.88
CLM-00269,2021-04-03,2021-05-24,2023-12-31,16.55,4.91,21.46
CLM-00270,2021-08-18,2021-08-23,2021-12-31,11.01,8.79,19.8
CLM-00270,2021-08-18,2021-08-23,2022-12-31,10.72,8.12,18.84
CLM-00270,2021-08-18,2021-08-23,2023-12-31,19.8,0.0,19.8
CLM-00271,2021-12-08,2021-12-12,2021-12-31,49.33,52.51,101.84
CLM-00271,2021-12-08,2021-12-12,2022-12-31,58.81,51.69,110.5
CLM-00271,2021-12-08,2021-12-12,2023-12-31,83.06,27.03,110.09
CLM-00272,2021-04-18,2021-04-18,2021-12-31,26.94,22.34,49.28
CLM-00272,2021-04-18,2021-04-18,2022-12-31,26.17,20.96,47.13
CLM-00272,2021-04-18,2021-04-18,2023-12-31,35.95,15.31,51.26
CLM-00273,2021-06-16,2021-07-27,2021-12-31,6.34,5.45,11.79
CLM-00273,2021-06-16,2021-07-27,2022-12-31,5.41,5.77,11.18
CLM-00273,2021-06-16,2021-07-27,2023-12-31,9.54,1.77,11.31
CLM-00274,2021-08-27,2021-09-07,2021-12-31,42.82,37.6,80.42
CLM-00274,2021-08-27,2021-09-07,2022-12-31,45.3,34.3,79.6
CLM-00274,2021-08-27,2021-09-07,2023-12-31,82.64,0.0,82.64
CLM-00275,2021-02-01,2021-02-23,2021-12-31,11.17,8.05,19.22
CLM-00275,2021-02-01,2021-02-23,2022-12-31,9.76,11.64,21.4
CLM-00275,2021-02-01,2021-02-23,2023-12-31,16.22,4.5,20.72
CLM-00276,2021-05-27,2021-05-29,2021-12-31,7.29,6.28,13.57
CLM-00276,2021-05-27,2021-05-29,2022-12-31,7.2,8.94,16.14
CLM-00276,2021-05-27,2021-05-29,2023-12-31,14.06,0.0,14.06
CLM-00277,2021-10-14,2021-10-27,2021-12-31,7.76,9.43,17.19
CLM-00277,2021-10-14,2021-10-27,2022-12-31,8.5,5.6,14.1
CLM-00277,2021-10-14,2021-10-27,2023-12-31,13.37,4.01,17.38
CLM-00278,2021-08-31,2021-09-25,2021-12-31,13.43,13.51,26.94
CLM-00278,2021-08-31,2021-09-25,2022-12-31,13.31,9.37,22.68
CLM-00278,2021-08-31,2021-09-25,2023-12-31,18.84,5.73,24.57
CLM-00279,2021-05-06,2021-05-14,2021-12-31,62.52,50.83,113.35
CLM-00279,2021-05-06,2021-05-14,2022-12-31,58.02,57.06,115.08
CLM-00279,2021-05-06,2021-05-14,2023-12-31,111.99,0.0,111.99
CLM-00280,2021-05-05,2021-05-14,2021-12-31,24.74,28.99,53.73
CLM-00280,2021-05-05,2021-05-14,2022-12-31,25.91,25.37,51.28
CLM-00280,2021-05-05,2021-05-14,2023-12-31,39.43,12.2,51.63
CLM-00281,2021-10-29,2021-12-02,2021-12-31,11.6,15.46,27.06
CLM-00281,2021-10-29,2021-12-02,2022-12-31,12.39,12.05,24.44
CLM-00281,2021-10-29,2021-12-02,2023-12-31,16.48,5.96,22.44
CLM-00282,2021-11-17,2021-12-04,2021-12-31,12.5,9.51,22.01
CLM-00282,2021-11-17,2021-12-04,2022-12-31,12.73,10.0,22.73
CLM-00282,2021-11-17,2021-12-04,2023-12-31,22.86,0.0,22.86
CLM-00283,2021-07-25,2021-08-10,2021-12-31,4.45,3.01,7.46
CLM-00283,2021-07-25,2021-08-10,2022-12-31,3.91,4.83,8.74
CLM-00283,2021-07-25,2021-08-10,2023-12-31,8.21,0.0,8.21
CLM-00284,2021-03-31,2021-04-09,2021-12-31,4.11,0.0,4.11
CLM-00284,2021-03-31,2021-04-09,2022-12-31,4.11,0.0,4.11
CLM-00284,2021-03-31,2021-04-09,2023-12-31,4.11,0.0,4.11
CLM-00285,2021-09-10,2021-09-29,2021-12-31,5.53,4.58,10.11
CLM-00285,2021-09-10,2021-09-29,2022-12-31,5.43,6.12,11.55
CLM-00285,2021-09-10,2021-09-29,2023-12-31,8.69,1.61,10.3
CLM-00286,2022-09-29,2022-11-02,2022-12-31,9.55,9.25,18.8
CLM-00286,2022-09-29,2022-11-02,2023-12-31,8.89,8.22,17.11
CLM-00287,2022-12-07,2023-01-17,2023-12-31,14.4,12.6,27.0
CLM-00288,2022-11-13,2022-11-26,2022-12-31,16.04,0.0,16.04
CLM-00288,2022-11-13,2022-11-26,2023-12-31,16.04,0.0,16.04
CLM-00289,2022-10-19,2022-10-27,2022-12-31,1.98,1.99,3.97
CLM-00289,2022-10-19,2022-10-27,2023-12-31,2.01,2.05,4.06
CLM-00290,2022-12-20,2023-01-02,2023-12-31,7.77,7.13,14.9
CLM-00291,2022-06-05,2022-06-21,2022-12-31,12.96,0.0,12.96
CLM-00291,2022-06-05,2022-06-21,2023-12-31,12.96,0.0,12.96
CLM-00292,2022-03-03,2022-03-03,2022-12-31,6.0,4.43,10.43
CLM-00292,2022-03-03,2022-03-03,2023-12-31,5.73,4.85,10.58
CLM-00293,2022-01-21,2022-02-11,2022-12-31,27.3,0.0,27.3
CLM-00293,2022-01-21,2022-02-11,2023-12-31,27.3,0.0,27.3
CLM-00294,2022-07-12,2022-08-09,2022-12-31,19.4,21.35,40.75
CLM-00294,2022-07-12,2022-08-09,2023-12-31,19.12,20.43,39.55
CLM-00295,2022-12-11,2022-12-28,2022-12-31,6.53,0.0,6.53
CLM-00295,2022-12-11,2022-12-28,2023-12-31,6.53,0.0,6.53
CLM-00296,2022-03-24,2022-05-02,2022-12-31,20.43,19.67,40.1
CLM-00296,2022-03-24,2022-05-02,2023-12-31,19.41,22.11,41.52
CLM-00297,2022-08-02,2022-08-03,2022-12-31,24.19,24.12,48.31
CLM-00297,2022-08-02,2022-08-03,2023-12-31,20.92,27.2,48.12
CLM-00298,2022-04-25,2022-05-02,2022-12-31,17.45,0.0,17.45
CLM-00298,2022-04-25,2022-05-02,2023-12-31,17.45,0.0,17.45
CLM-00299,2022-08-27,2022-09-03,2022-12-31,19.92,0.0,19.92
CLM-00299,2022-08-27,2022-09-03,2023-12-31,19.92,0.0,19.92
CLM-00300,2022-08-25,2022-09-05,2022-12-31,26.76,22.12,48.88
CLM-00300,2022-08-25,2022-09-05,2023-12-31,26.03,21.59,47.62
CLM-00301,2022-06-15,2022-06-22,2022-12-31,3.21,4.28,7.49
CLM-00301,2022-06-15,2022-06-22,2023-12-31,3.36,3.24,6.6
CLM-00302,2022-05-21,2022-05-24,2022-12-31,4.99,4.29,9.28
CLM-00302,2022-05-21,2022-05-24,2023-12-31,4.25,4.71,8.96
CLM-00303,2022-08-10,2022-08-19,2022-12-31,22.48,17.29,39.77
CLM-00303,2022-08-10,2022-08-19,2023-12-31,21.18,22.14,43.32
CLM-00304,2022-02-13,2022-02-13,2022-12-31,6.93,7.35,14.28
CLM-00304,2022-02-13,2022-02-13,2023-12-31,6.48,7.43,13.91
CLM-00305,2022-10-02,2022-10-13,2022-12-31,17.45,17.53,34.98
CLM-00305,2022-10-02,2022-10-13,2023-12-31,19.83,15.32,35.15
CLM-00306,2022-04-15,2022-05-02,2022-12-31,4.23,0.0,4.23
CLM-00306,2022-04-15,2022-05-02,2023-12-31,4.23,0.0,4.23
CLM-00307,2022-03-15,2022-04-02,2022-12-31,7.61,10.24,17.85
CLM-00307,2022-03-15,2022-04-02,2023-12-31,7.99,6.48,14.47
CLM-00308,2022-10-28,2022-11-15,2022-12-31,8.1,0.0,8.1
CLM-00308,2022-10-28,2022-11-15,2023-12-31,8.1,0.0,8.1
CLM-00309,2022-11-19,2022-11-19,2022-12-31,10.16,8.62,18.78
CLM-00309,2022-11-19,2022-11-19,2023-12-31,9.96,11.78,21.74
CLM-00310,2022-03-26,2022-05-17,2022-12-31,5.32,4.81,10.13
CLM-00310,2022-03-26,2022-05-17,2023-12-31,5.18,4.34,9.52
CLM-00311,2022-03-20,2022-03-23,2022-12-31,14.77,0.0,14.77
CLM-00311,2022-03-20,2022-03-23,2023-12-31,14.77,0.0,14.77
CLM-00312,2022-04-26,2022-07-05,2022-12-31,9.32,10.95,20.27
CLM-00312,2022-04-26,2022-07-05,2023-12-31,9.6,9.26,18.86
CLM-00313,2022-02-13,2022-02-22,2022-12-31,11.86,0.0,11.86
CLM-00313,2022-02-13,2022-02-22,2023-12-31,11.86,0.0,11.86
CLM-00314,2022-04-10,2022-04-19,2022-12-31,15.93,18.03,33.96
CLM-00314,2022-04-10,2022-04-19,2023-12-31,17.84,12.98,30.82
CLM-00315,2022-09-15,2022-09-23,2022-12-31,37.82,57.05,94.87
CLM-00315,2022-09-15,2022-09-23,2023-12-31,39.37,45.85,85.22
CLM-00316,2022-02-16,2022-02-17,2022-12-31,8.19,0.0,8.19
CLM-00316,2022-02-16,2022-02-17,2023-12-31,8.19,0.0,8.19
CLM-00317,2022-04-22,2022-04-28,2022-12-31,43.68,0.0,43.68
CLM-00317,2022-04-22,2022-04-28,2023-12-31,43.68,0.0,43.68
CLM-00318,2022-02-24,2022-04-14,2022-12-31,6.24,6.08,12.32
CLM-00318,2022-02-24,2022-04-14,2023-12-31,5.95,6.79,12.74
CLM-00319,2022-04-03,2022-04-04,2022-12-31,4.88,4.63,9.51
CLM-00319,2022-04-03,2022-04-04,2023-12-31,4.82,3.99,8.81
CLM-00320,2022-11-07,2022-12-24,2022-12-31,18.08,10.1,28.18
CLM-00320,2022-11-07,2022-12-24,2023-12-31,14.69,16.64,31.33
CLM-00321,2022-11-29,2022-12-12,2022-12-31,14.43,12.0,26.43
CLM-00321,2022-11-29,2022-12-12,2023-12-31,13.52,15.48,29.0
CLM-00322,2022-07-24,2022-08-06,2022-12-31,3.14,3.36,6.5
CLM-00322,2022-07-24,2022-08-06,2023-12-31,3.33,3.38,6.71
CLM-00323,2022-07-16,2022-08-30,2022-12-31,18.15,0.0,18.15
CLM-00323,2022-07-16,2022-08-30,2023-12-31,18.15,0.0,18.15
CLM-00324,2022-10-18,2022-11-18,2022-12-31,7.4,6.44,13.84
CLM-00324,2022-10-18,2022-11-18,2023-12-31,7.0,6.24,13.24
CLM-00325,2022-11-28,2022-12-24,2022-12-31,10.47,8.13,18.6
CLM-00325,2022-11-28,2022-12-24,2023-12-31,9.35,11.53,20.88
CLM-00326,2022-02-06,2022-02-21,2022-12-31,13.1,0.0,13.1
CLM-00326,2022-02-06,2022-02-21,2023-12-31,13.1,0.0,13.1
CLM-00327,2022-05-26,2022-05-31,2022-12-31,6.41,3.94,10.35
CLM-00327,2022-05-26,2022-05-31,2023-12-31,6.53,7.49,14.02
CLM-00328,2022-10-26,2022-11-05,2022-12-31,42.75,31.99,74.74
CLM-00328,2022-10-26,2022-11-05,2023-12-31,41.35,30.16,71.51
CLM-00329,2022-08-09,2022-08-26,2022-12-31,19.66,14.06,33.72
CLM-00329,2022-08-09,2022-08-26,2023-12-31,19.09,16.16,35.25
CLM-00330,2022-10-15,2022-10-30,2022-12-31,23.34,13.73,37.07
CLM-00330,2022-10-15,2022-10-30,2023-12-31,22.11,29.76,51.87
CLM-00331,2022-05-25,2022-06-28,2022-12-31,35.22,30.99,66.21
CLM-00331,2022-05-25,2022-06-28,2023-12-31,34.94,33.81,68.75
CLM-00332,2022-10-09,2022-10-14,2022-12-31,14.02,9.45,23.47
CLM-00332,2022-10-09,2022-10-14,2023-12-31,13.75,11.21,24.96
CLM-00333,2022-05-08,2022-05-14,2022-12-31,8.05,0.0,8.05
CLM-00333,2022-05-08,2022-05-14,2023-12-31,8.05,0.0,8.05
CLM-00334,2022-09-28,2022-11-10,2022-12-31,6.58,0.0,6.58
CLM-00334,2022-09-28,2022-11-10,2023-12-31,6.58,0.0,6.58
CLM-00335,2022-05-16,2022-06-02,2022-12-31,32.16,23.86,56.02
CLM-00335,2022-05-16,2022-06-02,2023-12-31,30.69,25.25,55.94
CLM-00336,2022-04-03,2022-04-24,2022-12-31,6.02,4.74,10.76
CLM-00336,2022-04-03,2022-04-24,2023-12-31,5.89,5.0,10.89
CLM-00337,2022-10-15,2022-11-13,2022-12-31,32.95,23.74,56.69
CLM-00337,2022-10-15,2022-11-13,2023-12-31,31.8,31.73,63.53
CLM-00338,2022-04-01,2022-04-11,2022-12-31,11.65,12.52,24.17
CLM-00338,2022-04-01,2022-04-11,2023-12-31,11.26,14.2,25.46
CLM-00339,2022-01-26,2022-02-11,2022-12-31,3.74,3.0,6.74
CLM-00339,2022-01-26,2022-02-11,2023-12-31,3.81,3.41,7.22
CLM-00340,2022-06-12,2022-06-17,2022-12-31,2.68,1.82,4.5
CLM-00340,2022-06-12,2022-06-17,2023-12-31,2.89,2.28,5.17
CLM-00341,2022-03-28,2022-03-31,2022-12-31,7.17,7.5,14.67
CLM-00341,2022-03-28,2022-03-31,2023-12-31,6.92,6.14,13.06
CLM-00342,2022-03-22,2022-03-26,2022-12-31,12.45,8.42,20.87
CLM-00342,2022-03-22,2022-03-26,2023-12-31,12.01,15.43,27.44
CLM-00343,2022-11-25,2022-11-26,2022-12-31,15.86,0.0,15.86
CLM-00343,2022-11-25,2022-11-26,2023-12-31,15.86,0.0,15.86
CLM-00344,2022-01-18,2022-01-22,2022-12-31,4.8,4.85,9.65
CLM-00344,2022-01-18,2022-01-22,2023-12-31,4.52,5.0,9.52
CLM-00345,2022-06-09,2022-06-23,2022-12-31,20.31,0.0,20.31
CLM-00345,2022-06-09,2022-06-23,2023-12-31,20.31,0.0,20.31
CLM-00346,2022-03-09,2022-03-17,2022-12-31,16.52,0.0,16.52
CLM-00346,2022-03-09,2022-03-17,2023-12-31,16.52,0.0,16.52
CLM-00347,2022-12-30,2022-12-30,2022-12-31,15.38,14.06,29.44
CLM-00347,2022-12-30,2022-12-30,2023-12-31,13.69,12.03,25.72
CLM-00348,2022-04-10,2022-04-13,2022-12-31,6.44,5.79,12.23
CLM-00348,2022-04-10,2022-04-13,2023-12-31,6.37,6.0,12.37
CLM-00349,2022-04-10,2022-05-18,2022-12-31,67.29,64.05,131.34
CLM-00349,2022-04-10,2022-05-18,2023-12-31,69.15,66.21,135.36
CLM-00350,2022-09-20,2022-09-27,2022-12-31,17.31,21.0,38.31
CLM-00350,2022-09-20,2022-09-27,2023-12-31,19.98,14.07,34.05
CLM-00351,2022-05-03,2022-06-22,2022-12-31,6.64,0.0,6.64
CLM-00351,2022-05-03,2022-06-22,2023-12-31,6.64,0.0,6.64
CLM-00352,2022-01-01,2022-01-02,2022-12-31,6.45,4.56,11.01
CLM-00352,2022-01-01,2022-01-02,2023-12-31,5.94,6.17,12.11
CLM-00353,2022-01-20,2022-02-05,2022-12-31,10.68,0.0,10.68
CLM-00353,2022-01-20,2022-02-05,2023-12-31,10.68,0.0,10.68
CLM-00354,2022-09-18,2022-09-24,2022-12-31,30.11,24.48,54.59
CLM-00354,2022-09-18,2022-09-24,2023-12-31,25.96,24.55,50.51
CLM-00355,2022-02-16,2022-02-21,2022-12-31,9.27,8.06,17.33
CLM-00355,2022-02-16,2022-02-21,2023-12-31,8.35,7.74,16.09
CLM-00356,2022-11-12,2022-11-12,2022-12-31,34.92,34.8,69.72
CLM-00356,2022-11-12,2022-11-12,2023-12-31,33.28,32.17,65.45
CLM-00357,2022-03-31,2022-04-26,2022-12-31,12.76,11.87,24.63
CLM-00357,2022-03-31,2022-04-26,2023-12-31,12.49,12.18,24.67
CLM-00358,2022-07-21,2022-07-27,2022-12-31,13.39,13.09,26.48
CLM-00358,2022-07-21,2022-07-27,2023-12-31,12.71,12.68,25.39
CLM-00359,2022-03-26,2022-03-29,2022-12-31,7.39,0.0,7.39
CLM-00359,2022-03-26,2022-03-29,2023-12-31,7.39,0.0,7.39
CLM-00360,2022-01-23,2022-02-10,2022-12-31,7.8,7.55,15.35
CLM-00360,2022-01-23,2022-02-10,2023-12-31,8.23,6.95,15.18
CLM-00361,2022-11-01,2022-12-09,2022-12-31,8.73,8.18,16.91
CLM-00361,2022-11-01,2022-12-09,2023-12-31,8.23,8.88,17.11
CLM-00362,2022-04-10,2022-05-15,2022-12-31,6.58,4.41,10.99
CLM-00362,2022-04-10,2022-05-15,2023-12-31,5.39,5.17,10.56
CLM-00363,2022-01-06,2022-01-30,2022-12-31,14.26,14.79,29.05
CLM-00363,2022-01-06,2022-01-30,2023-12-31,14.09,12.92,27.01
CLM-00364,2022-02-18,2022-03-16,2022-12-31,7.02,0.0,7.02
CLM-00364,2022-02-18,2022-03-16,2023-12-31,7.02,0.0,7.02
CLM-00365,2022-08-11,2022-08-12,2022-12-31,4.44,0.0,4.44
CLM-00365,2022-08-11,2022-08-12,2023-12-31,4.44,0.0,4.44
CLM-00366,2022-11-17,2022-11-18,2022-12-31,8.25,0.0,8.25
CLM-00366,2022-11-17,2022-11-18,2023-12-31,8.25,0.0,8.25
CLM-00367,2022-03-12,2022-03-18,2022-12-31,8.29,0.0,8.29
CLM-00367,2022-03-12,2022-03-18,2023-12-31,8.29,0.0,8.29
CLM-00368,2022-01-16,2022-01-18,2022-12-31,4.61,4.73,9.34
CLM-00368,2022-01-16,2022-01-18,2023-12-31,5.16,3.43,8.59
CLM-00369,2022-03-05,2022-03-24,2022-12-31,7.16,5.58,12.74
CLM-00369,2022-03-05,2022-03-24,2023-12-31,7.14,6.25,13.39
CLM-00370,2022-08-22,2022-09-13,2022-12-31,26.68,0.0,26.68
CLM-00370,2022-08-22,2022-09-13,2023-12-31,26.68,0.0,26.68
CLM-00371,2022-11-02,2022-12-25,2022-12-31,31.92,0.0,31.92
CLM-00371,2022-11-02,2022-12-25,2023-12-31,31.92,0.0,31.92
CLM-00372,2022-08-21,2022-09-06,2022-12-31,26.09,26.33,52.42
CLM-00372,2022-08-21,2022-09-06,2023-12-31,24.95,17.14,42.09
CLM-00373,2022-11-10,2022-11-10,2022-12-31,5.87,5.95,11.82
CLM-00373,2022-11-10,2022-11-10,2023-12-31,5.46,5.47,10.93
CLM-00374,2022-06-24,2022-07-04,2022-12-31,3.9,4.1,8.0
CLM-00374,2022-06-24,2022-07-04,2023-12-31,4.22,3.86,8.08
CLM-00375,2022-06-26,2022-07-11,2022-12-31,44.3,0.0,44.3
CLM-00375,2022-06-26,2022-07-11,2023-12-31,44.3,0.0,44.3
CLM-00376,2022-01-24,2022-02-04,2022-12-31,11.54,13.86,25.4
CLM-00376,2022-01-24,2022-02-04,2023-12-31,12.49,13.26,25.75
CLM-00377,2022-11-20,2022-12-06,2022-12-31,39.37,0.0,39.37
CLM-00377,2022-11-20,2022-12-06,2023-12-31,39.37,0.0,39.37
CLM-00378,2022-07-04,2022-07-14,2022-12-31,9.01,0.0,9.01
CLM-00378,2022-07-04,2022-07-14,2023-12-31,9.01,0.0,9.01
CLM-00379,2022-11-25,2022-12-05,2022-12-31,12.28,0.0,12.28
CLM-00379,2022-11-25,2022-12-05,2023-12-31,12.28,0.0,12.28
CLM-00380,2022-07-09,2022-07-15,2022-12-31,9.44,0.0,9.44
CLM-00380,2022-07-09,2022-07-15,2023-12-31,9.44,0.0,9.44
CLM-00381,2022-11-21,2022-11-22,2022-12-31,7.35,0.0,7.35
CLM-00381,2022-11-21,2022-11-22,2023-12-31,7.35,0.0,7.35
CLM-00382,2022-01-12,2022-01-30,2022-12-31,37.06,43.36,80.42
CLM-00382,2022-01-12,2022-01-30,2023-12-31,36.71,42.15,78.86
CLM-00383,2023-09-08,2023-10-29,2023-12-31,15.28,0.0,15.28
CLM-00384,2023-05-01,2023-07-30,2023-12-31,29.85,0.0,29.85
CLM-00385,2023-09-22,2023-09-22,2023-12-31,15.36,14.74,30.1
CLM-00386,2023-06-04,2023-07-20,2023-12-31,14.78,10.76,25.54
CLM-00388,2023-07-19,2023-07-22,2023-12-31,22.38,18.89,41.27
CLM-00389,2023-11-11,2023-11-11,2023-12-31,2.64,2.67,5.31
CLM-00390,2023-12-04,2023-12-08,2023-12-31,11.9,9.81,21.71
CLM-00391,2023-05-31,2023-06-01,2023-12-31,17.68,0.0,17.68
CLM-00392,2023-07-07,2023-07-10,2023-12-31,14.51,0.0,14.51
CLM-00393,2023-08-13,2023-08-26,2023-12-31,13.76,0.0,13.76
CLM-00394,2023-03-26,2023-04-30,2023-12-31,2.95,2.73,5.68
CLM-00395,2023-05-09,2023-05-14,2023-12-31,10.36,7.72,18.08
CLM-00396,2023-07-12,2023-07-30,2023-12-31,2.09,0.0,2.09
CLM-00397,2023-02-24,2023-03-07,2023-12-31,20.75,0.0,20.75
CLM-00398,2023-07-24,2023-07-28,2023-12-31,8.65,0.0,8.65
CLM-00399,2023-02-07,2023-02-25,2023-12-31,11.89,8.67,20.56
CLM-00400,2023-11-16,2023-12-13,2023-12-31,11.39,0.0,11.39
CLM-00401,2023-02-27,2023-03-25,2023-12-31,4.42,4.17,8.59
CLM-00403,2023-05-21,2023-06-18,2023-12-31,6.17,5.04,11.21
CLM-00404,2023-04-15,2023-05-22,2023-12-31,9.62,0.0,9.62
CLM-00405,2023-06-20,2023-07-03,2023-12-31,7.49,7.71,15.2
CLM-00406,2023-05-30,2023-06-15,2023-12-31,4.94,4.33,9.27
CLM-00407,2023-07-19,2023-07-22,2023-12-31,7.22,6.29,13.51
CLM-00408,2023-09-12,2023-10-15,2023-12-31,3.6,0.0,3.6
CLM-00409,2023-03-26,2023-04-27,2023-12-31,10.43,11.25,21.68
CLM-00410,2023-09-19,2023-09-19,2023-12-31,8.19,11.92,20.11
CLM-00411,2023-06-06,2023-06-23,2023-12-31,14.95,9.65,24.6
CLM-00412,2023-10-22,2023-11-19,2023-12-31,6.74,7.66,14.4
CLM-00413,2023-01-26,2023-01-27,2023-12-31,44.19,40.98,85.17
CLM-00414,2023-07-17,2023-07-25,2023-12-31,44.03,0.0,44.03
CLM-00415,2023-12-19,2023-12-20,2023-12-31,9.49,10.51,20.0
CLM-00416,2023-06-26,2023-07-01,2023-12-31,30.79,23.81,54.6
CLM-00417,2023-05-05,2023-06-01,2023-12-31,19.72,0.0,19.72
CLM-00418,2023-11-20,2023-11-30,2023-12-31,14.96,8.57,23.53
CLM-00419,2023-06-17,2023-06-27,2023-12-31,5.28,0.0,5.28
CLM-00420,2023-11-11,2023-12-16,2023-12-31,2.96,3.31,6.27
CLM-00421,2023-07-09,2023-07-12,2023-12-31,21.51,21.07,42.58
CLM-00422,2023-09-16,2023-09-18,2023-12-31,11.55,8.94,20.49
CLM-00423,2023-11-20,2023-12-07,2023-12-31,11.44,12.21,23.65
CLM-00424,2023-06-12,2023-06-12,2023-12-31,7.76,8.8,16.56
CLM-00425,2023-05-26,2023-08-17,2023-12-31,10.66,10.69,21.35
CLM-00426,2023-11-30,2023-12-03,2023-12-31,3.84,3.71,7.55
CLM-00427,2023-06-23,2023-07-09,2023-12-31,8.4,8.54,16.94
CLM-00429,2023-06-10,2023-06-10,2023-12-31,14.16,0.0,14.16
CLM-00430,2023-12-07,2023-12-18,2023-12-31,11.86,12.64,24.5
CLM-00432,2023-08-08,2023-08-16,2023-12-31,3.19,3.44,6.63
CLM-00433,2023-02-23,2023-03-22,2023-12-31,12.78,10.86,23.64
CLM-00434,2023-11-01,2023-11-03,2023-12-31,32.84,35.61,68.45
CLM-00435,2023-06-21,2023-06-22,2023-12-31,41.56,0.0,41.56
CLM-00436,2023-08-03,2023-08-13,2023-12-31,15.34,0.0,15.34
CLM-00437,2023-08-28,2023-08-30,2023-12-31,10.26,11.64,21.9
CLM-00438,2023-03-06,2023-03-31,2023-12-31,32.26,0.0,32.26
CLM-00439,2023-07-16,2023-07-17,2023-12-31,34.05,0.0,34.05
CLM-00440,2023-03-15,2023-03-15,2023-12-31,2.09,2.05,4.14
CLM-00441,2023-05-23,2023-05-30,2023-12-31,48.74,47.39,96.13
CLM-00442,2023-03-29,2023-04-08,2023-12-31,8.01,0.0,8.01
CLM-00444,2023-10-15,2023-10-23,2023-12-31,6.84,6.04,12.88
CLM-00445,2023-09-22,2023-10-01,2023-12-31,19.08,24.8,43.88
CLM-00446,2023-06-27,2023-06-28,2023-12-31,19.34,17.11,36.45
CLM-00447,2023-03-28,2023-04-16,2023-12-31,9.85,0.0,9.85
CLM-00448,2023-10-01,2023-10-18,2023-12-31,20.21,0.0,20.21
CLM-00449,2023-12-26,2023-12-27,2023-12-31,12.69,10.25,22.94
CLM-00450,2023-09-07,2023-09-14,2023-12-31,24.15,18.15,42.3
CLM-00451,2023-11-20,2023-12-04,2023-12-31,16.58,12.2,28.78
CLM-00452,2023-11-07,2023-11-20,2023-12-31,8.13,9.26,17.39
CLM-00453,2023-10-11,2023-11-02,2023-12-31,2.71,2.28,4.99
CLM-00454,2023-10-18,2023-10-27,2023-12-31,5.57,0.0,5.57
CLM-00455,2023-09-23,2023-09-29,2023-12-31,30.92,28.93,59.85
CLM-00456,2023-12-21,2023-12-29,2023-12-31,13.68,8.92,22.6
CLM-00457,2023-03-16,2023-04-24,2023-12-31,25.08,0.0,25.08
CLM-00458,2023-04-02,2023-04-13,2023-12-31,2.52,1.93,4.45
CLM-00459,2023-06-25,2023-06-27,2023-12-31,27.7,0.0,27.7
CLM-00460,2023-04-06,2023-04-13,2023-12-31,47.23,36.69,83.92
CLM-00461,2023-10-31,2023-11-19,2023-12-31,14.48,11.79,26.27
CLM-00462,2023-07-06,2023-07-23,2023-12-31,4.05,3.42,7.47
CLM-00463,2023-08-14,2023-09-09,2023-12-31,3.85,0.0,3.85
CLM-00464,2023-01-29,2023-02-19,2023-12-31,5.12,4.3,9.42
CLM-00465,2023-07-12,2023-07-19,2023-12-31,10.05,0.0,10.05
CLM-00466,2023-02-16,2023-02-16,2023-12-31,8.13,7.3,15.43
CLM-00467,2023-06-28,2023-07-10,2023-12-31,16.16,0.0,16.16
CLM-00468,2023-10-11,2023-11-02,2023-12-31,33.63,0.0,33.63
CLM-00469,2023-06-14,2023-06-30,2023-12-31,17.25,14.26,31.51
CLM-00470,2023-08-31,2023-09-17,2023-12-31,11.51,10.69,22.2
CLM-00471,2023-01-29,2023-02-01,2023-12-31,92.38,78.97,171.35
CLM-00472,2023-04-12,2023-04-12,2023-12-31,31.74,23.45,55.19
CLM-00473,2023-10-20,2023-11-11,2023-12-31,15.38,11.06,26.44
CLM-00474,2023-12-07,2023-12-16,2023-12-31,5.21,4.48,9.69
CLM-00475,2023-06-08,2023-06-19,2023-12-31,7.8,5.95,13.75
CLM-00476,2023-04-14,2023-05-01,2023-12-31,4.35,0.0,4.35
CLM-00477,2023-07-04,2023-07-13,2023-12-31,9.38,8.4,17.78
CLM-00478,2023-04-12,2023-04-14,2023-12-31,33.13,0.0,33.13
CLM-00479,2023-10-22,2023-11-21,2023-12-31,21.58,23.41,44.99
CLM-00480,2023-01-11,2023-01-13,2023-12-31,4.02,0.0,4.02
CLM-00481,2023-11-03,2023-11-06,2023-12-31,40.02,38.47,78.49
CLM-00482,2023-03-16,2023-04-14,2023-12-31,6.86,5.09,11.95
CLM-00483,2023-06-20,2023-07-27,2023-12-31,7.81,9.05,16.86
CLM-00484,2023-09-17,2023-10-02,2023-12-31,7.24,7.15,14.39
CLM-00485,2023-11-02,2023-11-10,2023-12-31,9.34,0.0,9.34
CLM-00486,2023-12-03,2023-12-07,2023-12-31,11.4,10.7,22.1
CLM-00487,2023-02-08,2023-03-20,2023-12-31,5.31,5.94,11.25
CLM-00488,2023-05-17,2023-05-29,2023-12-31,20.29,18.25,38.54
CLM-00489,2023-03-06,2023-03-12,2023-12-31,18.94,14.18,33.12
CLM-00490,2023-04-21,2023-04-29,2023-12-31,50.47,61.33,111.8
CLM-00491,2023-04-01,2023-04-13,2023-12-31,8.39,6.25,14.64
CLM-00492,2023-07-15,2023-08-01,2023-12-31,12.03,7.15,19.18
CLM-00493,2023-04-16,2023-04-20,2023-12-31,36.35,0.0,36.35
CLM-00494,2023-08-25,2023-09-06,2023-12-31,6.15,0.0,6.15
CLM-00495,2023-04-28,2023-05-04,2023-12-31,18.33,0.0,18.33
